Periodo,Tienda,Ventas_zscore
1,Tienda_1,-1.820059419291553
2,Tienda_1,-1.4778664124938894
3,Tienda_1,-1.478294136272772
4,Tienda_1,-1.4396151644045174
5,Tienda_1,-1.1205591620243183
6,Tienda_1,-1.0532844523621243
7,Tienda_1,-0.7301955511821495
8,Tienda_1,-0.3907025007747197
9,Tienda_1,-0.12201262530441669
10,Tienda_1,-0.3316013937704302
11,Tienda_1,-0.07818006797878681
12,Tienda_1,0.21113744000800475
13,Tienda_1,-0.01674478112982119
14,Tienda_1,0.5885912743189771
15,Tienda_1,0.07036100312333582
16,Tienda_1,1.0890770527809512
17,Tienda_1,0.7331724278918871
18,Tienda_1,0.7389171281023722
19,Tienda_1,0.7069675684936109
20,Tienda_1,0.9825695576179829
21,Tienda_1,0.5801182101478347
22,Tienda_1,1.0860025675688665
23,Tienda_1,1.4587864275755256
24,Tienda_1,1.8134150093601455
1,Tienda_2,-1.8694387448023506
2,Tienda_2,-1.6230117621952904
3,Tienda_2,-1.1897556377264926
4,Tienda_2,-1.1554204753523605
5,Tienda_2,-1.1775434367212536
6,Tienda_2,-1.0751941154129603
7,Tienda_2,-0.7912539985124298
8,Tienda_2,-0.5291595498397181
9,Tienda_2,-0.09546055720276105
10,Tienda_2,-0.04738935094925202
11,Tienda_2,-0.3521330935540599
12,Tienda_2,-0.13571892509752337
13,Tienda_2,0.6475999909892162
14,Tienda_2,0.3515467452627138
15,Tienda_2,0.4511678063655307
16,Tienda_2,0.0008312389505600215
17,Tienda_2,0.3602325572874003
18,Tienda_2,0.7313564350104274
19,Tienda_2,0.6040960182849252
20,Tienda_2,1.232641329390207
21,Tienda_2,1.0555416403839106
22,Tienda_2,1.3824266677460477
23,Tienda_2,1.6126445718954987
24,Tienda_2,1.611394645800016
1,Tienda_3,-1.8120633973468876
2,Tienda_3,-1.6864295797233122
3,Tienda_3,-1.3796248670646365
4,Tienda_3,-1.1050785865588746
5,Tienda_3,-1.2140010051667556
6,Tienda_3,-0.8567905404379093
7,Tienda_3,-0.7041662839858044
8,Tienda_3,-0.5076720779016313
9,Tienda_3,-0.6138849140231686
10,Tienda_3,-0.28733545398803756
11,Tienda_3,-0.11474024660635787
12,Tienda_3,0.33839067088207025
13,Tienda_3,-0.003991079820860403
14,Tienda_3,0.4903969711176896
15,Tienda_3,0.7720558601385632
16,Tienda_3,0.44662798189914926
17,Tienda_3,0.36009054899333487
18,Tienda_3,0.6798527919257449
19,Tienda_3,1.1543347283304528
20,Tienda_3,0.9841902805927597
21,Tienda_3,0.860046029618652
22,Tienda_3,1.2039959874263406
23,Tienda_3,0.953132286412701
24,Tienda_3,2.0426638952867733
1,Tienda_4,-1.6963013682699597
2,Tienda_4,-1.5880482489441368
3,Tienda_4,-1.388185606883179
4,Tienda_4,-1.1452608064305503
5,Tienda_4,-0.9001030639969188
6,Tienda_4,-0.5848928077407933
7,Tienda_4,-0.6837132394620545
8,Tienda_4,-0.8351820499538313
9,Tienda_4,-0.6534990528053386
10,Tienda_4,-0.4238825377561684
11,Tienda_4,-0.1021951931542755
12,Tienda_4,-0.0933575478173979
13,Tienda_4,0.31395300892843186
14,Tienda_4,0.1568981770034844
15,Tienda_4,-0.3182386840900103
16,Tienda_4,0.3546259327160155
17,Tienda_4,0.8382089019899777
18,Tienda_4,1.1683714728322663
19,Tienda_4,0.8688224478934885
20,Tienda_4,1.43125710211833
21,Tienda_4,1.2472966729782577
22,Tienda_4,0.9630293947581294
23,Tienda_4,1.5540378911152777
24,Tienda_4,1.5163592049709738
1,Tienda_5,-1.7063845266766047
2,Tienda_5,-1.5464502840211984
3,Tienda_5,-1.5361180717547638
4,Tienda_5,-1.0352377510717785
5,Tienda_5,-1.1155621328223315
6,Tienda_5,-1.1192990946523886
7,Tienda_5,-0.7812130802788632
8,Tienda_5,-0.442082424647947
9,Tienda_5,-0.6148723072104645
10,Tienda_5,-0.22310421037911704
11,Tienda_5,-0.06214235394952563
12,Tienda_5,-0.13502070808034103
13,Tienda_5,-0.006687593585879775
14,Tienda_5,0.4341537883374381
15,Tienda_5,0.45701633930365587
16,Tienda_5,0.6542400929667762
17,Tienda_5,0.39022826373527836
18,Tienda_5,0.9633720863802006
19,Tienda_5,1.4386842495358305
20,Tienda_5,1.0081221820136401
21,Tienda_5,1.0831728904121312
22,Tienda_5,0.8921751830686093
23,Tienda_5,1.6467696814463137
24,Tienda_5,1.3562397819313203
1,Tienda_6,-1.537783415380567
2,Tienda_6,-1.4596032836660184
3,Tienda_6,-1.4680250620207511
4,Tienda_6,-1.161112585033039
5,Tienda_6,-1.1169887904950966
6,Tienda_6,-1.0206240906170314
7,Tienda_6,-0.7147925936495089
8,Tienda_6,-0.6391301021708283
9,Tienda_6,-0.3915703614349941
10,Tienda_6,-0.2092864952967378
11,Tienda_6,-0.6348772157366782
12,Tienda_6,0.08450416823965343
13,Tienda_6,-0.06041351384786867
14,Tienda_6,0.34715240725428254
15,Tienda_6,0.5591292580396028
16,Tienda_6,0.2706339148031256
17,Tienda_6,1.151721851953613
18,Tienda_6,0.3699903806033249
19,Tienda_6,1.1336435299326493
20,Tienda_6,0.8775303622326802
21,Tienda_6,1.552933677639244
22,Tienda_6,0.9674965757577313
23,Tienda_6,1.4958897524336767
24,Tienda_6,1.6035816304595374
1,Tienda_7,-1.4783504302743773
2,Tienda_7,-1.4298992078369286
3,Tienda_7,-1.3420858971702037
4,Tienda_7,-1.2019985789958898
5,Tienda_7,-1.0800518776068269
6,Tienda_7,-0.9124279776260804
7,Tienda_7,-0.6326273064623639
8,Tienda_7,-0.7135079720164091
9,Tienda_7,-0.7851635967969239
10,Tienda_7,-0.6540875070961347
11,Tienda_7,-0.1470704514231097
12,Tienda_7,0.12576612186299746
13,Tienda_7,-0.16056506040581023
14,Tienda_7,0.11387589347693443
15,Tienda_7,0.22935652275370552
16,Tienda_7,0.9187558353695852
17,Tienda_7,0.5592343710318546
18,Tienda_7,1.180854932611725
19,Tienda_7,0.8433256563594774
20,Tienda_7,1.0970652079359744
21,Tienda_7,1.2953977826255303
22,Tienda_7,0.8216965089061805
23,Tienda_7,1.634440656980493
24,Tienda_7,1.7180663737966002
1,Tienda_8,-1.5274367663873152
2,Tienda_8,-1.4560351677601122
3,Tienda_8,-1.37523144193452
4,Tienda_8,-1.3080353180568534
5,Tienda_8,-1.0070447873105486
6,Tienda_8,-0.7769545394856546
7,Tienda_8,-0.7495633199610864
8,Tienda_8,-0.7197845503543612
9,Tienda_8,-0.7469677845758379
10,Tienda_8,-0.22905534955623016
11,Tienda_8,-0.344765427942851
12,Tienda_8,-0.20442922341058886
13,Tienda_8,-0.03107791130364745
14,Tienda_8,0.15050438633673152
15,Tienda_8,0.5813602142641638
16,Tienda_8,0.49352281627095074
17,Tienda_8,0.8518514578187847
18,Tienda_8,0.6903531767208646
19,Tienda_8,1.2083649598670592
20,Tienda_8,0.5946641289868366
21,Tienda_8,1.1919109862309292
22,Tienda_8,1.645114361639359
23,Tienda_8,1.632025445950647
24,Tienda_8,1.4367096539532849
1,Tienda_9,-1.584385057171156
2,Tienda_9,-1.2751967588044624
3,Tienda_9,-1.458262891812732
4,Tienda_9,-1.2114266981359005
5,Tienda_9,-0.5725446700768074
6,Tienda_9,-0.7627481983936423
7,Tienda_9,-0.711900540979519
8,Tienda_9,-0.49522280633336635
9,Tienda_9,-0.4394323177245195
10,Tienda_9,-0.36664346789282826
11,Tienda_9,-0.6602729730488613
12,Tienda_9,0.014315271833944657
13,Tienda_9,0.09762296536774243
14,Tienda_9,-0.6378880812387672
15,Tienda_9,0.5509028451788971
16,Tienda_9,0.3557666040224021
17,Tienda_9,0.5059596534493793
18,Tienda_9,0.673497840203827
19,Tienda_9,0.8619462989399587
20,Tienda_9,1.12547055364893
21,Tienda_9,1.0581185353039548
22,Tienda_9,0.8110676863363934
23,Tienda_9,1.994935605309732
24,Tienda_9,2.126320602017397
1,Tienda_10,-1.5858804131674782
2,Tienda_10,-1.4535296588707938
3,Tienda_10,-1.2941445498389519
4,Tienda_10,-1.0742039597913713
5,Tienda_10,-0.9400977491444883
6,Tienda_10,-0.6999746786211669
7,Tienda_10,-1.1495200523927607
8,Tienda_10,-0.7631668679724426
9,Tienda_10,-0.38173233323994243
10,Tienda_10,-0.5654328783782979
11,Tienda_10,-0.690400882377005
12,Tienda_10,-0.18500551365738055
13,Tienda_10,0.2768190328276622
14,Tienda_10,0.6417747550338416
15,Tienda_10,0.6324487157624314
16,Tienda_10,0.30978283618729363
17,Tienda_10,0.3545305920677577
18,Tienda_10,0.9744441464149884
19,Tienda_10,0.7260113999366701
20,Tienda_10,0.9469687135731858
21,Tienda_10,1.4232261646296411
22,Tienda_10,1.6223973854548448
23,Tienda_10,1.3466878667096145
24,Tienda_10,1.5279979288541476
1,Tienda_11,-1.5713072853105337
2,Tienda_11,-1.3984371255882158
3,Tienda_11,-1.4451068366730238
4,Tienda_11,-1.2809705196730063
5,Tienda_11,-1.221202431898145
6,Tienda_11,-1.1147380588654274
7,Tienda_11,-0.7156851807973685
8,Tienda_11,-0.5648161188732723
9,Tienda_11,-0.6059827593839854
10,Tienda_11,-0.3653798258125403
11,Tienda_11,-0.08749482951974309
12,Tienda_11,0.18666436964289634
13,Tienda_11,0.12179334923838432
14,Tienda_11,0.4675688686726609
15,Tienda_11,-0.08859458993080542
16,Tienda_11,0.5046798992404211
17,Tienda_11,0.8302759499941702
18,Tienda_11,0.8659377551537546
19,Tienda_11,1.07794552957479
20,Tienda_11,1.0628300443710208
21,Tienda_11,0.8702722390238664
22,Tienda_11,1.2486798317923309
23,Tienda_11,1.5995147212928311
24,Tienda_11,1.6235530043289395
1,Tienda_12,-1.7012336485904294
2,Tienda_12,-1.4505157709335148
3,Tienda_12,-1.3943947796469554
4,Tienda_12,-1.1336256256015536
5,Tienda_12,-1.0436830752738548
6,Tienda_12,-0.8133490178039532
7,Tienda_12,-0.5451081362357725
8,Tienda_12,-0.6251514966223407
9,Tienda_12,-0.3772905415129687
10,Tienda_12,-0.5438926465697764
11,Tienda_12,-0.31991075544801556
12,Tienda_12,-0.31361258375878065
13,Tienda_12,0.27966482360912
14,Tienda_12,0.03906511717877657
15,Tienda_12,0.7157705024438085
16,Tienda_12,0.8183114707364714
17,Tienda_12,0.10598584806466368
18,Tienda_12,0.4911434192518976
19,Tienda_12,1.0848453284517436
20,Tienda_12,0.6806889925493483
21,Tienda_12,1.053956832664845
22,Tienda_12,1.6067853571390365
23,Tienda_12,1.9344274471816265
24,Tienda_12,1.4511229387265712
1,Tienda_13,-1.6060038669923107
2,Tienda_13,-1.508575001791118
3,Tienda_13,-1.3597821391718712
4,Tienda_13,-1.126994636242328
5,Tienda_13,-0.9634992773169058
6,Tienda_13,-1.1743598099389676
7,Tienda_13,-0.9752462236193173
8,Tienda_13,-0.6288866735945844
9,Tienda_13,-0.5041933228652488
10,Tienda_13,-0.4555066426829151
11,Tienda_13,-0.16102843434765995
12,Tienda_13,-0.06731179453291201
13,Tienda_13,0.25104670085206315
14,Tienda_13,0.17277205635926968
15,Tienda_13,0.34569026846562523
16,Tienda_13,0.48922418190663447
17,Tienda_13,0.7928939943034036
18,Tienda_13,0.8540037980063696
19,Tienda_13,0.9493768373603757
20,Tienda_13,1.4661822057766225
21,Tienda_13,1.3311419247761873
22,Tienda_13,1.1844936723527626
23,Tienda_13,1.020484907399783
24,Tienda_13,1.6740772755370397
1,Tienda_14,-1.6861025143518036
2,Tienda_14,-1.3397608768474896
3,Tienda_14,-1.5447386323130774
4,Tienda_14,-1.1534803415505541
5,Tienda_14,-1.2213967760912894
6,Tienda_14,-0.917217983075276
7,Tienda_14,-0.835773984690812
8,Tienda_14,-0.5192614285207581
9,Tienda_14,-0.27123830868082394
10,Tienda_14,-0.27371997070353754
11,Tienda_14,-0.3978135466732918
12,Tienda_14,-0.2499606517364474
13,Tienda_14,0.04723893968528124
14,Tienda_14,0.006164281022809367
15,Tienda_14,0.4590878376900565
16,Tienda_14,0.5599176880104434
17,Tienda_14,0.9295891534633728
18,Tienda_14,0.9329054338108789
19,Tienda_14,1.1329139881684078
20,Tienda_14,1.0688526863305559
21,Tienda_14,0.8604240367874922
22,Tienda_14,1.2868704632319439
23,Tienda_14,1.6084772768013742
24,Tienda_14,1.5180232302325374
1,Tienda_15,-1.654755932457043
2,Tienda_15,-1.364805152623027
3,Tienda_15,-1.2221996144404519
4,Tienda_15,-1.0816551461490362
5,Tienda_15,-1.1516671979134185
6,Tienda_15,-1.1733834304584558
7,Tienda_15,-0.7198871915416148
8,Tienda_15,-0.25152738159901594
9,Tienda_15,-0.6386736733086474
10,Tienda_15,-0.5163394475535159
11,Tienda_15,-0.24497228479959401
12,Tienda_15,-0.21488720559799865
13,Tienda_15,-0.14285223457392468
14,Tienda_15,-0.2839684132485503
15,Tienda_15,0.48228722851418454
16,Tienda_15,1.0484548928073625
17,Tienda_15,0.8815737767039752
18,Tienda_15,0.6980938997531159
19,Tienda_15,0.9028102677817054
20,Tienda_15,1.1873146787817341
21,Tienda_15,1.085679334422178
22,Tienda_15,1.289423325236706
23,Tienda_15,1.273744455518308
24,Tienda_15,1.812192446745032
1,Tienda_16,-1.6009166280397538
2,Tienda_16,-1.2679588199756135
3,Tienda_16,-1.442524844267829
4,Tienda_16,-1.261246683746089
5,Tienda_16,-1.1469142590038137
6,Tienda_16,-0.8750774170902643
7,Tienda_16,-0.9176278688381065
8,Tienda_16,-0.8728705724009033
9,Tienda_16,-0.4735932891777039
10,Tienda_16,-0.2623762020440927
11,Tienda_16,0.0033060204781162074
12,Tienda_16,-0.13414030787832693
13,Tienda_16,0.1962303505381598
14,Tienda_16,-0.03174744902073917
15,Tienda_16,-0.006592887343347425
16,Tienda_16,0.6278524434307956
17,Tienda_16,0.8936750728601773
18,Tienda_16,0.7492615729806303
19,Tienda_16,1.1428529913108851
20,Tienda_16,1.6141775659102198
21,Tienda_16,1.1876889448719836
22,Tienda_16,1.411124804396301
23,Tienda_16,1.1628823472303818
24,Tienda_16,1.3045351148189288
1,Tienda_17,-1.6688098032323375
2,Tienda_17,-1.6109096076235039
3,Tienda_17,-1.3209554040143998
4,Tienda_17,-1.199912722300987
5,Tienda_17,-1.0550330182694203
6,Tienda_17,-0.8036114346227482
7,Tienda_17,-0.8529750366065796
8,Tienda_17,-0.6443566664668235
9,Tienda_17,-0.7133702637781142
10,Tienda_17,-0.09175962334721917
11,Tienda_17,-0.1034169869398457
12,Tienda_17,-0.06638204415504279
13,Tienda_17,0.015007795162764235
14,Tienda_17,-0.049348476389721216
15,Tienda_17,0.5053090719368778
16,Tienda_17,0.6793325653309109
17,Tienda_17,0.5784895397941797
18,Tienda_17,0.78420183001618
19,Tienda_17,0.8376344562009285
20,Tienda_17,1.1723664225305088
21,Tienda_17,1.3098803975399842
22,Tienda_17,1.0967098337615029
23,Tienda_17,1.2758347293115662
24,Tienda_17,1.9260744461613468
1,Tienda_18,-1.5573697065541383
2,Tienda_18,-1.341434608411823
3,Tienda_18,-1.398970474221818
4,Tienda_18,-1.282829175609534
5,Tienda_18,-1.0793086026482348
6,Tienda_18,-0.9582118922204749
7,Tienda_18,-0.6138618445529239
8,Tienda_18,-0.46538143518736846
9,Tienda_18,-0.4725450454200436
10,Tienda_18,0.07469143720285976
11,Tienda_18,-0.31694361359894013
12,Tienda_18,-0.12769570454428936
13,Tienda_18,-0.46518958711481906
14,Tienda_18,-0.09986041935800014
15,Tienda_18,0.23349725501147256
16,Tienda_18,0.12038310213767635
17,Tienda_18,0.6971000681901238
18,Tienda_18,1.1884152438388431
19,Tienda_18,0.794708430043006
20,Tienda_18,1.6485223280614072
21,Tienda_18,0.9705415479202001
22,Tienda_18,1.4441800472852133
23,Tienda_18,1.3348335863507743
24,Tienda_18,1.6727290634008274
1,Tienda_19,-1.7757646713884976
2,Tienda_19,-1.5400485316587744
3,Tienda_19,-1.3026699484320492
4,Tienda_19,-1.1101246704322505
5,Tienda_19,-1.0184354826734068
6,Tienda_19,-0.7228615668567153
7,Tienda_19,-0.7660546719760856
8,Tienda_19,-0.6569518418824096
9,Tienda_19,-0.7627448000242708
10,Tienda_19,-0.26014301164614
11,Tienda_19,-0.15739959685844657
12,Tienda_19,0.19351842913210549
13,Tienda_19,-0.3389321471002673
14,Tienda_19,0.1668355216665082
15,Tienda_19,0.5376784919801317
16,Tienda_19,0.5640541527879167
17,Tienda_19,0.46210915789961565
18,Tienda_19,1.1283375343035824
19,Tienda_19,0.7117881583556789
20,Tienda_19,0.9004794438382211
21,Tienda_19,1.0850267799590312
22,Tienda_19,1.9802654443192145
23,Tienda_19,1.2854168885141177
24,Tienda_19,1.3966209381731844
1,Tienda_20,-1.8244707358663093
2,Tienda_20,-1.3793816518124165
3,Tienda_20,-1.381004346199548
4,Tienda_20,-1.2089059450412953
5,Tienda_20,-0.8528289232376225
6,Tienda_20,-1.068284524008484
7,Tienda_20,-0.5810934836494046
8,Tienda_20,-0.6193892921021593
9,Tienda_20,-0.4118697570983223
10,Tienda_20,-0.37934108413406126
11,Tienda_20,-0.4366715473552923
12,Tienda_20,-0.1754811529970613
13,Tienda_20,-0.06619332685985935
14,Tienda_20,0.21233882804232387
15,Tienda_20,0.3005200124845457
16,Tienda_20,0.5321537832975627
17,Tienda_20,1.003546233797983
18,Tienda_20,0.48979458574978124
19,Tienda_20,1.041856486793797
20,Tienda_20,1.1370905159751512
21,Tienda_20,1.273907601135025
22,Tienda_20,1.5319193557885473
23,Tienda_20,1.715644781246441
24,Tienda_20,1.1461435860506803
1,Tienda_21,-1.6659086591846362
2,Tienda_21,-1.718985928703323
3,Tienda_21,-1.387464345781572
4,Tienda_21,-1.1304303866072434
5,Tienda_21,-1.235486050815246
6,Tienda_21,-1.0022990487137604
7,Tienda_21,-0.7795359385256209
8,Tienda_21,-0.5408973707690101
9,Tienda_21,-0.00993167775813453
10,Tienda_21,-0.4345654799642399
11,Tienda_21,-0.10342476421797323
12,Tienda_21,0.023023684845399028
13,Tienda_21,0.258388492451295
14,Tienda_21,0.24924138565124948
15,Tienda_21,0.31926630483488383
16,Tienda_21,0.5684144041614704
17,Tienda_21,0.6332511080047488
18,Tienda_21,0.72353199741088
19,Tienda_21,1.103871061810489
20,Tienda_21,1.2618119836637824
21,Tienda_21,1.3371629928243933
22,Tienda_21,1.95281365089642
23,Tienda_21,0.40205520396698075
24,Tienda_21,1.176097380518774
1,Tienda_22,-1.702627774281993
2,Tienda_22,-1.641892808531536
3,Tienda_22,-1.3731761572097998
4,Tienda_22,-1.218958667270387
5,Tienda_22,-0.7776359932622204
6,Tienda_22,-1.2068771067304052
7,Tienda_22,-0.8792673994784327
8,Tienda_22,-0.6967507065834334
9,Tienda_22,-0.6222896769886188
10,Tienda_22,-0.19172325551884073
11,Tienda_22,0.02553951144462575
12,Tienda_22,0.30497071862759945
13,Tienda_22,0.14340729496005156
14,Tienda_22,0.2744718968200977
15,Tienda_22,0.5774673308968307
16,Tienda_22,0.6646354425582988
17,Tienda_22,0.7291234081247621
18,Tienda_22,1.103773801092194
19,Tienda_22,0.9434503687241031
20,Tienda_22,0.8589190547423552
21,Tienda_22,1.0827027452002669
22,Tienda_22,0.3008307390643061
23,Tienda_22,1.3093823833588611
24,Tienda_22,1.9925248502413102
1,Tienda_23,-1.492844322792961
2,Tienda_23,-1.4822372200573237
3,Tienda_23,-1.4654791033300887
4,Tienda_23,-1.1609820007308675
5,Tienda_23,-1.2062217769651662
6,Tienda_23,-1.0773098411285271
7,Tienda_23,-0.8080279230838464
8,Tienda_23,-0.5375052355357367
9,Tienda_23,-0.29324602890031287
10,Tienda_23,0.02584469125909242
11,Tienda_23,-0.0952063939149156
12,Tienda_23,0.068659018384988
13,Tienda_23,-0.18782545390607436
14,Tienda_23,0.3516167193205906
15,Tienda_23,0.19005581970196964
16,Tienda_23,0.1429020647643833
17,Tienda_23,0.2949939312199192
18,Tienda_23,0.9731296927290561
19,Tienda_23,1.7197835212947665
20,Tienda_23,1.023923142681653
21,Tienda_23,1.1605817506936102
22,Tienda_23,1.0948547008268659
23,Tienda_23,0.7440418970264862
24,Tienda_23,2.0164983504424354
1,Tienda_24,-1.933938458643323
2,Tienda_24,-1.5669628493347278
3,Tienda_24,-1.2622338759439953
4,Tienda_24,-1.1630408895802733
5,Tienda_24,-0.8881227960195484
6,Tienda_24,-0.9661291543097429
7,Tienda_24,-0.6713980844871255
8,Tienda_24,-0.8444203803213378
9,Tienda_24,-0.426671708194439
10,Tienda_24,-0.5720559496957934
11,Tienda_24,-0.2949097882444625
12,Tienda_24,0.2884438716613104
13,Tienda_24,-0.08743098769438087
14,Tienda_24,0.5395296035802051
15,Tienda_24,0.42111321065686835
16,Tienda_24,0.6014685358001975
17,Tienda_24,0.5784017396230428
18,Tienda_24,0.7817506026539361
19,Tienda_24,0.9454102112015128
20,Tienda_24,1.3688696596770678
21,Tienda_24,1.1160030712118412
22,Tienda_24,1.1418893196618618
23,Tienda_24,1.4037540709994112
24,Tienda_24,1.4906810257418956
1,Tienda_25,-1.7504586348358848
2,Tienda_25,-1.3460291956143675
3,Tienda_25,-1.3324764329572536
4,Tienda_25,-1.1936295656937557
5,Tienda_25,-1.0625852292452564
6,Tienda_25,-1.104736226050075
7,Tienda_25,-0.8616333105763304
8,Tienda_25,-0.4452663605143714
9,Tienda_25,-0.5853411098572199
10,Tienda_25,-0.6298408194788906
11,Tienda_25,-0.37022231100396324
12,Tienda_25,0.15474330888086113
13,Tienda_25,0.28220119052016
14,Tienda_25,0.3751038954138042
15,Tienda_25,0.4270512699480105
16,Tienda_25,0.372527175278203
17,Tienda_25,0.634640836142865
18,Tienda_25,0.7896716766196313
19,Tienda_25,0.7605791348653134
20,Tienda_25,1.2586296523871086
21,Tienda_25,1.3104224302859626
22,Tienda_25,1.4380231806363324
23,Tienda_25,1.2463249843900432
24,Tienda_25,1.6323004604590714
1,Tienda_26,-1.727786513204506
2,Tienda_26,-1.4862470771737435
3,Tienda_26,-1.2598129289812299
4,Tienda_26,-1.3594980762978333
5,Tienda_26,-1.1545927046796838
6,Tienda_26,-1.0875940686393435
7,Tienda_26,-0.7904065855794856
8,Tienda_26,-0.7156618136991397
9,Tienda_26,-0.2329279152972479
10,Tienda_26,-0.211447138618017
11,Tienda_26,-0.14108797336076934
12,Tienda_26,0.3062402306152187
13,Tienda_26,0.39423411993714513
14,Tienda_26,0.39891600684281603
15,Tienda_26,0.6095147635400945
16,Tienda_26,0.26424774223374065
17,Tienda_26,0.5941716395573572
18,Tienda_26,0.5675309144705104
19,Tienda_26,0.7906908527136868
20,Tienda_26,0.13078990447529026
21,Tienda_26,1.5611886501387635
22,Tienda_26,1.2651335768800462
23,Tienda_26,1.649200806376302
24,Tienda_26,1.6352035877500293
1,Tienda_27,-1.7354816751902837
2,Tienda_27,-1.387746013849669
3,Tienda_27,-1.4706946988025316
4,Tienda_27,-1.0128825551786294
5,Tienda_27,-1.2002227620892678
6,Tienda_27,-1.09235621011658
7,Tienda_27,-0.7695922208564292
8,Tienda_27,-0.6962162588718357
9,Tienda_27,-0.2927685140830362
10,Tienda_27,-0.3722927029634705
11,Tienda_27,-0.104948393917616
12,Tienda_27,-0.14415164102611586
13,Tienda_27,-0.016799804849028908
14,Tienda_27,0.25399628701270643
15,Tienda_27,0.4335934007750704
16,Tienda_27,0.6567536518338208
17,Tienda_27,0.7550848238780499
18,Tienda_27,0.4879551446736004
19,Tienda_27,1.0244139114232715
20,Tienda_27,1.1045482294934243
21,Tienda_27,0.9579603199281245
22,Tienda_27,1.3562533854890662
23,Tienda_27,1.4661807550270742
24,Tienda_27,1.799413542260275
1,Tienda_28,-1.6179661243407057
2,Tienda_28,-1.6797647852472966
3,Tienda_28,-1.5622068269445244
4,Tienda_28,-1.2864739718540126
5,Tienda_28,-1.1835608787447314
6,Tienda_28,-0.8990824710123289
7,Tienda_28,-0.8000034784537705
8,Tienda_28,-0.6416035097862116
9,Tienda_28,-0.22337713942669396
10,Tienda_28,-0.18430587205311358
11,Tienda_28,-0.4642180645863389
12,Tienda_28,0.4012988472999743
13,Tienda_28,0.5923840051397573
14,Tienda_28,-0.11825516623417257
15,Tienda_28,0.5866869955823876
16,Tienda_28,0.8738389401123802
17,Tienda_28,1.0954503324977902
18,Tienda_28,0.3231143257589006
19,Tienda_28,0.9890519029370961
20,Tienda_28,1.061282520276645
21,Tienda_28,1.305643770223526
22,Tienda_28,1.1532317492686432
23,Tienda_28,0.7995734830815787
24,Tienda_28,1.479261416505224
1,Tienda_29,-1.7100203880827793
2,Tienda_29,-1.4584433265843886
3,Tienda_29,-1.3114370563739965
4,Tienda_29,-1.212927818694248
5,Tienda_29,-1.1465789419172927
6,Tienda_29,-0.8371630363543736
7,Tienda_29,-0.7767430246665249
8,Tienda_29,-0.8351906918065847
9,Tienda_29,-0.29732526295295264
10,Tienda_29,-0.35423964817404385
11,Tienda_29,0.01929640355428993
12,Tienda_29,-0.20685128647789253
13,Tienda_29,0.4675933586274014
14,Tienda_29,0.08876643568394772
15,Tienda_29,0.1545491925093578
16,Tienda_29,0.647410849357381
17,Tienda_29,0.33174975469563145
18,Tienda_29,0.7731668908390037
19,Tienda_29,1.237594985133849
20,Tienda_29,0.6482485457709917
21,Tienda_29,1.9744510148038996
22,Tienda_29,1.5527314217629344
23,Tienda_29,1.20084057592032
24,Tienda_29,1.050521053426061
1,Tienda_30,-1.6397795471990768
2,Tienda_30,-1.5470025199902924
3,Tienda_30,-1.3047826686269692
4,Tienda_30,-1.210909988327954
5,Tienda_30,-0.901129790069039
6,Tienda_30,-0.7073079781605309
7,Tienda_30,-0.9019978171403542
8,Tienda_30,-0.6110095613274681
9,Tienda_30,-0.6023264222592747
10,Tienda_30,-0.19133143937166183
11,Tienda_30,-0.18337658109306
12,Tienda_30,-0.13729770914172346
13,Tienda_30,-0.06521712467269415
14,Tienda_30,0.25017857085724277
15,Tienda_30,0.12035108542572498
16,Tienda_30,0.6420254790037495
17,Tienda_30,0.7143991907816578
18,Tienda_30,0.2005582154474654
19,Tienda_30,0.8242599510544526
20,Tienda_30,1.5042489677141604
21,Tienda_30,0.953226190723187
22,Tienda_30,1.7298773330468267
23,Tienda_30,1.2039119046690916
24,Tienda_30,1.8604322586565474
1,Tienda_31,-1.5732184456302702
2,Tienda_31,-1.3809669293912983
3,Tienda_31,-1.2817788672325938
4,Tienda_31,-1.2145788452078092
5,Tienda_31,-1.029307006727199
6,Tienda_31,-0.9197270051218734
7,Tienda_31,-0.6561865498795507
8,Tienda_31,-0.9477265312636233
9,Tienda_31,-0.7239138794829052
10,Tienda_31,-0.44202238942494515
11,Tienda_31,-0.18481981609401094
12,Tienda_31,0.04777059791676807
13,Tienda_31,0.3382687724939967
14,Tienda_31,-0.18069888902248402
15,Tienda_31,0.7244659555944742
16,Tienda_31,0.12187351344442346
17,Tienda_31,0.5120444343383067
18,Tienda_31,0.9304408805402229
19,Tienda_31,1.543220681999761
20,Tienda_31,0.9095291613089099
21,Tienda_31,1.0785871163180707
22,Tienda_31,1.3809211498234966
23,Tienda_31,1.6625306046737018
24,Tienda_31,1.2852922860264335
1,Tienda_32,-1.572663643978167
2,Tienda_32,-1.6755403255262615
3,Tienda_32,-1.327049062142553
4,Tienda_32,-1.2088736665977826
5,Tienda_32,-1.0757005649095241
6,Tienda_32,-0.7097042753484686
7,Tienda_32,-0.755924740864528
8,Tienda_32,-0.6701878912590822
9,Tienda_32,-0.29358728494264213
10,Tienda_32,-0.07993298121121971
11,Tienda_32,-0.1863973823340342
12,Tienda_32,-0.07077819283391337
13,Tienda_32,-0.16484949778380964
14,Tienda_32,0.24033599638843364
15,Tienda_32,0.5427031525366681
16,Tienda_32,0.49744693583047894
17,Tienda_32,0.18643633752689162
18,Tienda_32,0.5241214850949336
19,Tienda_32,0.4848314700837473
20,Tienda_32,1.3053450666146587
21,Tienda_32,1.3538011544146946
22,Tienda_32,0.8567633910403636
23,Tienda_32,2.0074339819456215
24,Tienda_32,1.7919705382554902
1,Tienda_33,-1.591705874664578
2,Tienda_33,-1.5753464688889345
3,Tienda_33,-1.312327708820535
4,Tienda_33,-1.0525196644052917
5,Tienda_33,-0.9607497066137634
6,Tienda_33,-1.263288778755411
7,Tienda_33,-0.8178156623815245
8,Tienda_33,-0.6050377747378396
9,Tienda_33,-0.661811853164704
10,Tienda_33,-0.46789643234011186
11,Tienda_33,-0.10214320795217251
12,Tienda_33,0.23144262995653625
13,Tienda_33,0.24627230799711916
14,Tienda_33,0.574851735059885
15,Tienda_33,0.29878777711546883
16,Tienda_33,0.4882957338501938
17,Tienda_33,0.1039194249754163
18,Tienda_33,0.8390369613193112
19,Tienda_33,0.987463104717497
20,Tienda_33,1.1058174608769265
21,Tienda_33,1.0569296604055467
22,Tienda_33,1.068739889937515
23,Tienda_33,1.406003588430106
24,Tienda_33,2.0030828580833426
1,Tienda_34,-1.7846538908589071
2,Tienda_34,-1.4901961815565434
3,Tienda_34,-1.2178665826995754
4,Tienda_34,-1.295900964930797
5,Tienda_34,-1.0421746847779758
6,Tienda_34,-0.8839076571202379
7,Tienda_34,-1.0371221253939158
8,Tienda_34,-0.4636895673768795
9,Tienda_34,-0.2172373869622927
10,Tienda_34,0.049674637636667955
11,Tienda_34,-0.41438019667502657
12,Tienda_34,-0.07366340434718802
13,Tienda_34,0.1116764527463154
14,Tienda_34,0.2630376419156096
15,Tienda_34,0.12296134268735744
16,Tienda_34,0.1772365338606916
17,Tienda_34,0.5910201712574389
18,Tienda_34,0.5925716297940037
19,Tienda_34,0.978082553757803
20,Tienda_34,0.9853525749526941
21,Tienda_34,1.2527580752224614
22,Tienda_34,1.7057014914231123
23,Tienda_34,1.4119026606915568
24,Tienda_34,1.6788168767536242
1,Tienda_35,-1.5768010146721476
2,Tienda_35,-1.514844701857079
3,Tienda_35,-1.1144073695099974
4,Tienda_35,-1.1945880559710398
5,Tienda_35,-1.27567821640238
6,Tienda_35,-0.9659579420167084
7,Tienda_35,-0.823523916430049
8,Tienda_35,-0.8730015472126647
9,Tienda_35,-0.703232677820165
10,Tienda_35,-0.38035528095888077
11,Tienda_35,0.2425621004925725
12,Tienda_35,0.1772315431802777
13,Tienda_35,0.0746802817501348
14,Tienda_35,0.10529217045700706
15,Tienda_35,0.10219962484867433
16,Tienda_35,0.7500392045501191
17,Tienda_35,0.646478373410773
18,Tienda_35,0.620278115172803
19,Tienda_35,0.9464402295107426
20,Tienda_35,1.0959206652973206
21,Tienda_35,1.5939906162892195
22,Tienda_35,1.2042662872863479
23,Tienda_35,1.0842489904272687
24,Tienda_35,1.7787625201778547
1,Tienda_36,-1.6523835792743156
2,Tienda_36,-1.4721526549529373
3,Tienda_36,-1.141299759859688
4,Tienda_36,-1.0715400380399942
5,Tienda_36,-1.129964537688664
6,Tienda_36,-0.825539719612666
7,Tienda_36,-0.8951480904364245
8,Tienda_36,-0.5687099074363398
9,Tienda_36,-0.5672097561148292
10,Tienda_36,-0.41001069409302393
11,Tienda_36,-0.3666920545353446
12,Tienda_36,-0.3555492918267737
13,Tienda_36,0.07798167617354983
14,Tienda_36,0.3733441165768654
15,Tienda_36,0.6047521774913991
16,Tienda_36,1.324595126272689
17,Tienda_36,0.2947696932664277
18,Tienda_36,0.38964702288094555
19,Tienda_36,0.7027704958335672
20,Tienda_36,0.9822291301178155
21,Tienda_36,0.9056151599059569
22,Tienda_36,1.1543933035418041
23,Tienda_36,1.6572967775899219
24,Tienda_36,1.9888054042200611
1,Tienda_37,-1.5873170787796949
2,Tienda_37,-1.4279326916835495
3,Tienda_37,-1.322171389066622
4,Tienda_37,-1.3022279859951773
5,Tienda_37,-1.0137818044511862
6,Tienda_37,-1.1102327178837301
7,Tienda_37,-0.9354289504026272
8,Tienda_37,-0.6909278724189107
9,Tienda_37,-0.3822553385098802
10,Tienda_37,-0.5066544742726783
11,Tienda_37,-0.5658833405713627
12,Tienda_37,0.3084794838076768
13,Tienda_37,0.170441986568151
14,Tienda_37,0.2755721489709224
15,Tienda_37,0.16510038761849094
16,Tienda_37,0.8032277340622435
17,Tienda_37,0.904713172454803
18,Tienda_37,0.8039474486061757
19,Tienda_37,0.9126543229694186
20,Tienda_37,1.3098978568458004
21,Tienda_37,1.4431394145247387
22,Tienda_37,1.3318676734661847
23,Tienda_37,1.1856795199600887
24,Tienda_37,1.2300924941807323
1,Tienda_38,-1.4386607432998078
2,Tienda_38,-1.423277960586401
3,Tienda_38,-1.2816163004651915
4,Tienda_38,-1.2944290118972628
5,Tienda_38,-0.856091439419115
6,Tienda_38,-0.7845475275042989
7,Tienda_38,-0.7669668242149836
8,Tienda_38,-1.0288035124618093
9,Tienda_38,-0.3055897997470048
10,Tienda_38,-0.561941849895474
11,Tienda_38,-0.24502276198232184
12,Tienda_38,-0.32514487394602737
13,Tienda_38,-0.07269126293245085
14,Tienda_38,-0.007538083171170566
15,Tienda_38,0.2735989675415654
16,Tienda_38,0.3218501260082678
17,Tienda_38,0.9325182291098286
18,Tienda_38,1.2033853734454685
19,Tienda_38,0.6429899148320782
20,Tienda_38,1.118847205995955
21,Tienda_38,1.5739799194857411
22,Tienda_38,1.2863286848412234
23,Tienda_38,1.7434676705323424
24,Tienda_38,1.2953558597308448
1,Tienda_39,-1.6105979502098893
2,Tienda_39,-1.4764485953467281
3,Tienda_39,-1.2600055385757134
4,Tienda_39,-1.025122497184901
5,Tienda_39,-1.0944639650676617
6,Tienda_39,-0.8222731253459906
7,Tienda_39,-0.9156895178829181
8,Tienda_39,-0.8838463073055368
9,Tienda_39,-0.40059652214741454
10,Tienda_39,-0.6124580535460427
11,Tienda_39,-0.23812530858460318
12,Tienda_39,-0.009707608716481155
13,Tienda_39,0.2603609847717675
14,Tienda_39,-0.01094321937757368
15,Tienda_39,0.5211743362400881
16,Tienda_39,0.7742761220760823
17,Tienda_39,0.6503895321083474
18,Tienda_39,1.2429363518820802
19,Tienda_39,0.31731853184970416
20,Tienda_39,0.8051301896544037
21,Tienda_39,1.2067039614568178
22,Tienda_39,1.236035786412198
23,Tienda_39,1.309608057162057
24,Tienda_39,2.0363443556779015
1,Tienda_40,-1.4730357425278344
2,Tienda_40,-1.3011271501699928
3,Tienda_40,-1.4118700366906127
4,Tienda_40,-1.070155300337693
5,Tienda_40,-1.2306854182357112
6,Tienda_40,-0.9503845453938422
7,Tienda_40,-0.774872192321802
8,Tienda_40,-0.5895252102077478
9,Tienda_40,-0.529795827309546
10,Tienda_40,-0.1944736237116041
11,Tienda_40,-0.03552274611335289
12,Tienda_40,-0.09785244298337666
13,Tienda_40,-0.21166239775758372
14,Tienda_40,-0.06831876396497301
15,Tienda_40,0.17964761485926417
16,Tienda_40,0.6682993162908827
17,Tienda_40,0.5488919549213966
18,Tienda_40,0.43723341362523427
19,Tienda_40,1.2772388984263936
20,Tienda_40,0.9837216129053137
21,Tienda_40,0.7320681760520511
22,Tienda_40,1.8058462257821055
23,Tienda_40,1.19452571108718
24,Tienda_40,2.111808473775849
1,Tienda_41,-1.6526489524964696
2,Tienda_41,-1.3613468920583736
3,Tienda_41,-1.257791157147544
4,Tienda_41,-1.1261814276171576
5,Tienda_41,-1.2594726025460738
6,Tienda_41,-1.112064385641704
7,Tienda_41,-0.5443537587757531
8,Tienda_41,-0.7563443068669472
9,Tienda_41,-0.4684100160156786
10,Tienda_41,-0.4641985506407012
11,Tienda_41,0.07250161131952895
12,Tienda_41,0.07494030934335531
13,Tienda_41,-0.25830997253001653
14,Tienda_41,0.3188616875343147
15,Tienda_41,0.376625386454961
16,Tienda_41,0.5255370463921063
17,Tienda_41,0.3825536777931543
18,Tienda_41,0.9291732804821958
19,Tienda_41,1.088410674244829
20,Tienda_41,1.265466604136381
21,Tienda_41,0.9475075675546244
22,Tienda_41,0.5925946928186661
23,Tienda_41,1.8350448759345612
24,Tienda_41,1.8519046083277568
1,Tienda_42,-1.4453627892605347
2,Tienda_42,-1.6583685789024736
3,Tienda_42,-1.2426361645862756
4,Tienda_42,-1.2525504883319853
5,Tienda_42,-0.8797483986459026
6,Tienda_42,-0.8632809039531728
7,Tienda_42,-0.6302967428118881
8,Tienda_42,-0.9190651128905278
9,Tienda_42,-0.8516362038994906
10,Tienda_42,-0.48556742446112333
11,Tienda_42,-0.4084771028383871
12,Tienda_42,0.15266257956975796
13,Tienda_42,-0.26320375161050474
14,Tienda_42,0.9050308414095224
15,Tienda_42,0.6613555971851782
16,Tienda_42,0.4544402828001713
17,Tienda_42,0.4060224651549441
18,Tienda_42,1.1745826639743384
19,Tienda_42,1.2412069165113324
20,Tienda_42,1.130445695961745
21,Tienda_42,0.9245174945163719
22,Tienda_42,1.4779278760650123
23,Tienda_42,0.7456234247555739
24,Tienda_42,1.6263778242883038
1,Tienda_43,-1.6129849110971888
2,Tienda_43,-1.5454497454561518
3,Tienda_43,-1.358062533375987
4,Tienda_43,-1.2008759457842157
5,Tienda_43,-1.1663079944299786
6,Tienda_43,-0.5912045234844875
7,Tienda_43,-0.8598508119845385
8,Tienda_43,-0.7898296989900984
9,Tienda_43,-0.3433819369137674
10,Tienda_43,-0.49377701073061514
11,Tienda_43,-0.4155320744661236
12,Tienda_43,0.16208071837831484
13,Tienda_43,0.2119622633559361
14,Tienda_43,-0.0836621265344091
15,Tienda_43,0.6473551846726769
16,Tienda_43,0.49887821933752924
17,Tienda_43,0.40792949976909093
18,Tienda_43,0.4561182060127726
19,Tienda_43,1.2856670621915596
20,Tienda_43,1.0732319908901238
21,Tienda_43,1.5363254198627565
22,Tienda_43,1.403495049486206
23,Tienda_43,1.4229158881898447
24,Tienda_43,1.3549598111007397
1,Tienda_44,-1.569259125957073
2,Tienda_44,-1.3888640594581463
3,Tienda_44,-1.3398519564133586
4,Tienda_44,-1.1700072961411425
5,Tienda_44,-1.1774376870715568
6,Tienda_44,-0.9869315039767946
7,Tienda_44,-0.6027812771142069
8,Tienda_44,-0.6930156632855347
9,Tienda_44,-0.3278116006019591
10,Tienda_44,-0.39260875928344774
11,Tienda_44,-0.16305878270694463
12,Tienda_44,-0.1282442172319055
13,Tienda_44,-0.10460979719094995
14,Tienda_44,0.24956687657882026
15,Tienda_44,0.33969832235718167
16,Tienda_44,0.960956168188516
17,Tienda_44,0.4783279916830986
18,Tienda_44,-0.12443939072549473
19,Tienda_44,1.1822602823196233
20,Tienda_44,1.2135556618987131
21,Tienda_44,1.8331723804768236
22,Tienda_44,1.5786732556627
23,Tienda_44,1.4265658404618051
24,Tienda_44,0.9061443375312256
1,Tienda_45,-1.783235552714522
2,Tienda_45,-1.4651733515596164
3,Tienda_45,-1.569882084098889
4,Tienda_45,-1.1497007636204064
5,Tienda_45,-0.8884127800307805
6,Tienda_45,-0.8937160517135444
7,Tienda_45,-0.9206454962901237
8,Tienda_45,-0.8002020649750395
9,Tienda_45,-0.4130623103744167
10,Tienda_45,-0.07038552834985859
11,Tienda_45,0.12558769907615383
12,Tienda_45,-0.04052323305073022
13,Tienda_45,0.43973736028328314
14,Tienda_45,0.14126976437554342
15,Tienda_45,0.20737161619445157
16,Tienda_45,0.4141020195096552
17,Tienda_45,0.40085087842926864
18,Tienda_45,0.6267872461028001
19,Tienda_45,0.740633375599112
20,Tienda_45,0.9489473541111343
21,Tienda_45,0.9968043585978316
22,Tienda_45,1.6458422054210298
23,Tienda_45,1.7460783662126766
24,Tienda_45,1.5609269728649717
1,Tienda_46,-1.5543499551653666
2,Tienda_46,-1.5274351323322888
3,Tienda_46,-1.6289699994052742
4,Tienda_46,-1.0826701155329093
5,Tienda_46,-1.2331292526138358
6,Tienda_46,-0.792545386854311
7,Tienda_46,-0.9038321696099919
8,Tienda_46,-0.6393139626722827
9,Tienda_46,-0.447936154221931
10,Tienda_46,-0.29792127641774696
11,Tienda_46,-0.09027137825569907
12,Tienda_46,-0.06507325247377355
13,Tienda_46,0.00759356701940068
14,Tienda_46,0.47009350486109863
15,Tienda_46,0.7264620797362707
16,Tienda_46,0.3470913958430275
17,Tienda_46,0.41297217570738065
18,Tienda_46,0.381221096905048
19,Tienda_46,1.3617619929333211
20,Tienda_46,1.2467852026585047
21,Tienda_46,1.11377297761771
22,Tienda_46,1.2336544525944035
23,Tienda_46,1.5349618825380118
24,Tienda_46,1.4270777071412402
1,Tienda_47,-1.3546632145095785
2,Tienda_47,-1.4813886535779077
3,Tienda_47,-1.2926046837392833
4,Tienda_47,-1.201391014869537
5,Tienda_47,-1.1422465637543084
6,Tienda_47,-1.0913852988681425
7,Tienda_47,-0.867687458415574
8,Tienda_47,-0.7393370538596478
9,Tienda_47,-0.3970239853980222
10,Tienda_47,-0.44947593477073616
11,Tienda_47,-0.21197612392303658
12,Tienda_47,0.012949654617665835
13,Tienda_47,0.00288592541199639
14,Tienda_47,0.2511375547225831
15,Tienda_47,0.1968695491068327
16,Tienda_47,0.8947528872104381
17,Tienda_47,0.42457810273298163
18,Tienda_47,0.4619605202693864
19,Tienda_47,0.9923816983801481
20,Tienda_47,1.058732947939818
21,Tienda_47,0.9974517669707967
22,Tienda_47,1.9502870659433367
23,Tienda_47,1.497787956832841
24,Tienda_47,1.4874043555469512
1,Tienda_48,-1.8525679831424706
2,Tienda_48,-1.4649848702343475
3,Tienda_48,-1.2055456643338198
4,Tienda_48,-1.1411490125219859
5,Tienda_48,-1.1243211802177566
6,Tienda_48,-0.8698921367151385
7,Tienda_48,-1.155677629673691
8,Tienda_48,-0.6066455784668305
9,Tienda_48,-0.5196426334777091
10,Tienda_48,-0.281338127424148
11,Tienda_48,-0.04891983656668371
12,Tienda_48,0.2330153321720123
13,Tienda_48,0.4100771262733876
14,Tienda_48,-0.014364606533778428
15,Tienda_48,0.3881049646225599
16,Tienda_48,0.6662700499915437
17,Tienda_48,0.20732763819999506
18,Tienda_48,0.8797971302921267
19,Tienda_48,1.0734189236046179
20,Tienda_48,0.7888678919655903
21,Tienda_48,1.1972246899872336
22,Tienda_48,1.3900609204013452
23,Tienda_48,1.2409104339726205
24,Tienda_48,1.8099741578253221
1,Tienda_49,-1.5008585516081259
2,Tienda_49,-1.3737807559732726
3,Tienda_49,-1.3348251050306446
4,Tienda_49,-1.143292823217781
5,Tienda_49,-1.2168774706222314
6,Tienda_49,-1.1451016982624458
7,Tienda_49,-0.8338585989982212
8,Tienda_49,-0.36071323041927483
9,Tienda_49,-0.48809886886070647
10,Tienda_49,-0.4848514712318202
11,Tienda_49,-0.5478274709060126
12,Tienda_49,-0.31469783768414716
13,Tienda_49,0.05097290170179251
14,Tienda_49,0.5860951822963854
15,Tienda_49,-0.054506823506353635
16,Tienda_49,0.8290647951910954
17,Tienda_49,1.0599685446028548
18,Tienda_49,1.1345716695942365
19,Tienda_49,1.2924711603967165
20,Tienda_49,1.0667580807886472
21,Tienda_49,0.9649708232613087
22,Tienda_49,1.6350207874653813
23,Tienda_49,1.2418607905977694
24,Tienda_49,0.9375359704248506
1,Tienda_50,-1.584844177203848
2,Tienda_50,-1.3708138441781657
3,Tienda_50,-1.060193174332823
4,Tienda_50,-1.2467178073257448
5,Tienda_50,-0.7410804811806492
6,Tienda_50,-1.1910084054754095
7,Tienda_50,-0.5913898631824525
8,Tienda_50,-1.1453869199688687
9,Tienda_50,-0.41360359113875894
10,Tienda_50,-0.3132426847122223
11,Tienda_50,-0.48085115848655313
12,Tienda_50,-0.04812246291726485
13,Tienda_50,0.024497377603299127
14,Tienda_50,-0.1569631379060829
15,Tienda_50,0.16889342894660955
16,Tienda_50,0.6804831077594584
17,Tienda_50,0.9911179321519699
18,Tienda_50,0.870650768451683
19,Tienda_50,0.6788267442198167
20,Tienda_50,1.231039627699672
21,Tienda_50,1.2055631152543766
22,Tienda_50,1.009028582815745
23,Tienda_50,1.6319266703101778
24,Tienda_50,1.8521903527960166
1,Tienda_51,-1.567882184681781
2,Tienda_51,-1.6708057231108946
3,Tienda_51,-1.3079048980798134
4,Tienda_51,-1.0381058170442425
5,Tienda_51,-1.1081083956428524
6,Tienda_51,-0.915516412039306
7,Tienda_51,-0.5849116497766089
8,Tienda_51,-0.7191795068481439
9,Tienda_51,-0.41776454572885297
10,Tienda_51,-0.3862009174236705
11,Tienda_51,-0.09215149176719754
12,Tienda_51,-0.5002878288051122
13,Tienda_51,0.1315459454957861
14,Tienda_51,0.11787027753282964
15,Tienda_51,0.3552863526802451
16,Tienda_51,0.5644414675403463
17,Tienda_51,0.47629870478433134
18,Tienda_51,0.7289485694908869
19,Tienda_51,0.8090471814656833
20,Tienda_51,0.9429629342301674
21,Tienda_51,1.6581701035545005
22,Tienda_51,1.4126160298846362
23,Tienda_51,1.7678061083408807
24,Tienda_51,1.343825695948191
1,Tienda_52,-1.7430002733201122
2,Tienda_52,-1.5462782332610465
3,Tienda_52,-1.4291643527643658
4,Tienda_52,-1.0546410649104958
5,Tienda_52,-1.0655485702447647
6,Tienda_52,-0.7044929863728222
7,Tienda_52,-0.832706466348585
8,Tienda_52,-0.41344518327431623
9,Tienda_52,-0.703823246886668
10,Tienda_52,-0.686497690507586
11,Tienda_52,-0.1509591841981299
12,Tienda_52,-0.04368495688121496
13,Tienda_52,0.4820616907110798
14,Tienda_52,0.46482643682112473
15,Tienda_52,0.9433503048256908
16,Tienda_52,0.4617731354864523
17,Tienda_52,0.43226430373895136
18,Tienda_52,0.35453117703278336
19,Tienda_52,0.9005674621111128
20,Tienda_52,1.051243121113825
21,Tienda_52,0.6287902425839924
22,Tienda_52,1.6980664946458226
23,Tienda_52,1.9776312445701607
24,Tienda_52,0.9791365953291153
1,Tienda_53,-1.7004467319074805
2,Tienda_53,-1.507444584682156
3,Tienda_53,-1.4087572092844924
4,Tienda_53,-1.2986942558029058
5,Tienda_53,-1.1221146566959526
6,Tienda_53,-0.9265557290248889
7,Tienda_53,-0.8693095107309723
8,Tienda_53,-0.44832790258136646
9,Tienda_53,-0.37301910114189857
10,Tienda_53,-0.35534589728435534
11,Tienda_53,0.28104342599474974
12,Tienda_53,0.031818638720650806
13,Tienda_53,-0.33426815031154755
14,Tienda_53,0.04049495845387374
15,Tienda_53,0.577888387000692
16,Tienda_53,0.40464206196722674
17,Tienda_53,0.6226899956695987
18,Tienda_53,0.8130817661262106
19,Tienda_53,0.8482022321099054
20,Tienda_53,1.6520413735157808
21,Tienda_53,1.260579980680007
22,Tienda_53,0.9492893112472888
23,Tienda_53,1.274194667117969
24,Tienda_53,1.5883169308440654
1,Tienda_54,-1.6050087669805777
2,Tienda_54,-1.7015165901903249
3,Tienda_54,-1.4495619609396861
4,Tienda_54,-1.2880832636973207
5,Tienda_54,-1.082280572268761
6,Tienda_54,-0.7757227163159772
7,Tienda_54,-0.7689488515003093
8,Tienda_54,-0.7866225667852588
9,Tienda_54,-0.32853116494064416
10,Tienda_54,-0.4730310671544955
11,Tienda_54,0.10180188091576828
12,Tienda_54,0.07038865742801889
13,Tienda_54,0.01969877044255135
14,Tienda_54,0.0024129944165277
15,Tienda_54,0.4473166703822704
16,Tienda_54,0.5038239249188091
17,Tienda_54,0.6368599908956478
18,Tienda_54,1.1575791052617683
19,Tienda_54,0.8212898379610306
20,Tienda_54,1.285806522882789
21,Tienda_54,1.539618190056332
22,Tienda_54,1.0533930117546828
23,Tienda_54,1.3041028319713661
24,Tienda_54,1.31521513148578
1,Tienda_55,-1.68891032599079
2,Tienda_55,-1.2919881642320665
3,Tienda_55,-1.406390620411694
4,Tienda_55,-1.1803590557461345
5,Tienda_55,-0.9615071119371634
6,Tienda_55,-1.0172472608199037
7,Tienda_55,-0.2854941783389083
8,Tienda_55,-0.6120833699664951
9,Tienda_55,-0.9419170655561245
10,Tienda_55,-0.24293239084430512
11,Tienda_55,-0.043000442762629806
12,Tienda_55,0.23584780483116122
13,Tienda_55,-0.3009478129875431
14,Tienda_55,0.09668448338682585
15,Tienda_55,0.1554532580621052
16,Tienda_55,0.5898863232703483
17,Tienda_55,0.7656906515032147
18,Tienda_55,0.6078159848460086
19,Tienda_55,0.9566089192569028
20,Tienda_55,1.2763833199121828
21,Tienda_55,1.3790231557233141
22,Tienda_55,0.46192150449786895
23,Tienda_55,1.1499598758661669
24,Tienda_55,2.297502518437655
1,Tienda_56,-1.5976887420733858
2,Tienda_56,-1.4338270536507165
3,Tienda_56,-1.2991154813656907
4,Tienda_56,-1.087872317744217
5,Tienda_56,-1.0178962690723112
6,Tienda_56,-1.1816905569439045
7,Tienda_56,-0.73477087522236
8,Tienda_56,-0.44783176357971266
9,Tienda_56,-0.43878320694140116
10,Tienda_56,-0.45284957945930815
11,Tienda_56,-0.24917062887713984
12,Tienda_56,-0.25023514696000526
13,Tienda_56,0.47272506544259285
14,Tienda_56,0.24126529250785705
15,Tienda_56,0.1923443183939322
16,Tienda_56,0.1548326435347171
17,Tienda_56,0.8990010072001116
18,Tienda_56,0.7413461718052525
19,Tienda_56,0.3967933955616275
20,Tienda_56,1.2926341707011206
21,Tienda_56,0.8608310608035217
22,Tienda_56,1.8689020589225978
23,Tienda_56,1.1191160724476088
24,Tienda_56,1.9519403645692217
1,Tienda_57,-1.5969783024794828
2,Tienda_57,-1.3085237889069041
3,Tienda_57,-1.423876357472834
4,Tienda_57,-1.3596606357383114
5,Tienda_57,-1.0145571795048358
6,Tienda_57,-0.8760552858845183
7,Tienda_57,-0.695714157788676
8,Tienda_57,-0.4371624278074863
9,Tienda_57,-0.7656857405187797
10,Tienda_57,-0.3307034108145175
11,Tienda_57,0.023060799395298724
12,Tienda_57,-0.45014240607296513
13,Tienda_57,0.5906274705476232
14,Tienda_57,0.12152634603277367
15,Tienda_57,0.5031191513236279
16,Tienda_57,-0.06634765650783725
17,Tienda_57,0.2616657766025791
18,Tienda_57,1.161368129218148
19,Tienda_57,0.6733172964247071
20,Tienda_57,1.5315378867110068
21,Tienda_57,0.9829000942739878
22,Tienda_57,1.5604529719127385
23,Tienda_57,1.481419965622372
24,Tienda_57,1.4344114614322856
1,Tienda_58,-1.666418293240508
2,Tienda_58,-1.5190393454109996
3,Tienda_58,-1.4192707581219053
4,Tienda_58,-1.2162461086076188
5,Tienda_58,-1.0169203669905944
6,Tienda_58,-1.015508742126233
7,Tienda_58,-0.9085562786893081
8,Tienda_58,-0.7660471483935947
9,Tienda_58,-0.05558741109959384
10,Tienda_58,-0.4234961240728406
11,Tienda_58,-0.726792081689813
12,Tienda_58,0.06524673320710954
13,Tienda_58,0.3188551424658211
14,Tienda_58,0.4480826240525289
15,Tienda_58,0.5081682828559816
16,Tienda_58,0.9807239942318308
17,Tienda_58,0.8795984330701462
18,Tienda_58,0.7087121741136854
19,Tienda_58,0.6810729947831881
20,Tienda_58,1.239939626837567
21,Tienda_58,1.415866718161754
22,Tienda_58,0.8370264575953571
23,Tienda_58,1.0001082610026868
24,Tienda_58,1.650481216065353
1,Tienda_59,-1.6382408170886098
2,Tienda_59,-1.3968831468668816
3,Tienda_59,-1.3753644706065566
4,Tienda_59,-1.0401701636378078
5,Tienda_59,-1.1475163611080987
6,Tienda_59,-0.9488536874015681
7,Tienda_59,-0.8106305951710419
8,Tienda_59,-0.6821554806053066
9,Tienda_59,-0.5829915853868818
10,Tienda_59,-0.31060478872251335
11,Tienda_59,-0.1711799675371626
12,Tienda_59,-0.03750618785357714
13,Tienda_59,-0.04075114020268125
14,Tienda_59,-0.06945748635974804
15,Tienda_59,0.36582451818397754
16,Tienda_59,0.3548621419901709
17,Tienda_59,0.5235103095220269
18,Tienda_59,1.442153835267809
19,Tienda_59,1.0680321895418248
20,Tienda_59,1.3561297666313312
21,Tienda_59,1.039055478201597
22,Tienda_59,1.0256366850143928
23,Tienda_59,1.2946950696532182
24,Tienda_59,1.7824058845420803
1,Tienda_60,-1.8342883808138706
2,Tienda_60,-1.5562309893616626
3,Tienda_60,-1.3469766864055235
4,Tienda_60,-0.9316326778581743
5,Tienda_60,-1.2476402649287388
6,Tienda_60,-0.7761047001593511
7,Tienda_60,-0.6888489346631606
8,Tienda_60,-0.5368579341513028
9,Tienda_60,-0.26195824807477136
10,Tienda_60,-0.1784403129871939
11,Tienda_60,-0.3825686946177687
12,Tienda_60,-0.003851586629255531
13,Tienda_60,0.3800532918033281
14,Tienda_60,0.06362066631069338
15,Tienda_60,0.16597616537507562
16,Tienda_60,0.309446047688906
17,Tienda_60,0.9977644757351708
18,Tienda_60,0.3248928513299486
19,Tienda_60,0.5211395801632168
20,Tienda_60,1.2385598315698234
21,Tienda_60,0.9745354700221831
22,Tienda_60,1.1552250988332442
23,Tienda_60,1.3776740532792398
24,Tienda_60,2.236511878539932
1,Tienda_61,-1.5798483245740031
2,Tienda_61,-1.3427716079903131
3,Tienda_61,-1.370248433616297
4,Tienda_61,-1.3395730411369622
5,Tienda_61,-1.1232249360270907
6,Tienda_61,-0.725697097660699
7,Tienda_61,-0.7467545915149251
8,Tienda_61,-0.472736233941472
9,Tienda_61,-0.23044931679221314
10,Tienda_61,-0.5097746538342328
11,Tienda_61,-0.21826675691907305
12,Tienda_61,-0.280765310115836
13,Tienda_61,-0.22555701945620601
14,Tienda_61,0.2792075770315968
15,Tienda_61,0.49373047863284564
16,Tienda_61,0.02556735974822344
17,Tienda_61,0.6204876662617035
18,Tienda_61,0.38089035453108927
19,Tienda_61,1.077300005542872
20,Tienda_61,1.1028628937004588
21,Tienda_61,1.4405589040905193
22,Tienda_61,1.7023510015935104
23,Tienda_61,1.2589693618126443
24,Tienda_61,1.7837417206338575
1,Tienda_62,-1.7101021794545772
2,Tienda_62,-1.5106003257077798
3,Tienda_62,-1.1962533416673624
4,Tienda_62,-1.1784466645322809
5,Tienda_62,-1.029354992616622
6,Tienda_62,-0.725982451665444
7,Tienda_62,-0.8290903986424617
8,Tienda_62,-0.37166145426040004
9,Tienda_62,-0.2087401651677432
10,Tienda_62,-0.6772334352144929
11,Tienda_62,-0.5105703790965943
12,Tienda_62,0.10662307863822586
13,Tienda_62,0.01908529760689258
14,Tienda_62,0.7643311225363281
15,Tienda_62,-0.16780315076878857
16,Tienda_62,0.4488598504677261
17,Tienda_62,0.621022222057782
18,Tienda_62,0.319083040178132
19,Tienda_62,0.6681924659124633
20,Tienda_62,1.020150469130456
21,Tienda_62,1.2734625350448612
22,Tienda_62,1.0821085873071734
23,Tienda_62,1.9764821545407416
24,Tienda_62,1.8164381153737716
1,Tienda_63,-1.6964255918586477
2,Tienda_63,-1.5511619010054787
3,Tienda_63,-1.1426764928841813
4,Tienda_63,-1.1428143047700943
5,Tienda_63,-1.133182022668949
6,Tienda_63,-0.8982866618990336
7,Tienda_63,-0.5952597610575813
8,Tienda_63,-0.8525337414046872
9,Tienda_63,-0.7578802319270507
10,Tienda_63,-0.25810303781740834
11,Tienda_63,-0.4366288910632875
12,Tienda_63,0.11277577078384074
13,Tienda_63,0.11931635628668474
14,Tienda_63,0.32829668748688634
15,Tienda_63,0.4502624809219928
16,Tienda_63,0.48296023437173485
17,Tienda_63,0.3488329466486942
18,Tienda_63,0.844292196100983
19,Tienda_63,1.103251725828047
20,Tienda_63,0.8964084848800971
21,Tienda_63,1.0293606187758493
22,Tienda_63,1.598117636194301
23,Tienda_63,1.3560672867703822
24,Tienda_63,1.7950102133069157
1,Tienda_64,-1.6705474209652713
2,Tienda_64,-1.429873953513117
3,Tienda_64,-1.149745090333656
4,Tienda_64,-1.2424226746581977
5,Tienda_64,-1.0748360883364092
6,Tienda_64,-0.8982443870828297
7,Tienda_64,-0.8719270570560336
8,Tienda_64,-0.5822614267304014
9,Tienda_64,-0.6116665041625183
10,Tienda_64,-0.398162817186425
11,Tienda_64,-0.19121025463797628
12,Tienda_64,-0.28865073198634095
13,Tienda_64,0.176653383518953
14,Tienda_64,-0.11237841126624612
15,Tienda_64,0.19570681843952328
16,Tienda_64,0.8628558026590585
17,Tienda_64,1.1238704648332698
18,Tienda_64,0.7539775459737017
19,Tienda_64,1.1009931043219372
20,Tienda_64,1.558018409867743
21,Tienda_64,0.5121823413342177
22,Tienda_64,1.2878310848588006
23,Tienda_64,1.5638314931344959
24,Tienda_64,1.3860063689737103
1,Tienda_65,-1.5202128361273182
2,Tienda_65,-1.3336487199969578
3,Tienda_65,-1.3956198392326482
4,Tienda_65,-1.3478382840510679
5,Tienda_65,-1.2306739904037554
6,Tienda_65,-1.0249993023450494
7,Tienda_65,-0.6519255414686589
8,Tienda_65,-0.7950205935012014
9,Tienda_65,-0.2721827090229811
10,Tienda_65,-0.02006270140899912
11,Tienda_65,-0.319684382902624
12,Tienda_65,0.18738487349510793
13,Tienda_65,-0.009146579055796106
14,Tienda_65,-0.07451530750243877
15,Tienda_65,0.1572008657518079
16,Tienda_65,0.5195251523790919
17,Tienda_65,0.21081288285877006
18,Tienda_65,1.0112516783157461
19,Tienda_65,1.259875765842595
20,Tienda_65,0.9304595305435677
21,Tienda_65,1.0735446220933593
22,Tienda_65,1.2374546965406166
23,Tienda_65,1.7182234941914032
24,Tienda_65,1.6897972250074356
1,Tienda_66,-1.5809718735974447
2,Tienda_66,-1.5980926888695377
3,Tienda_66,-1.2254467278044394
4,Tienda_66,-1.0744215346324117
5,Tienda_66,-1.2199900255183327
6,Tienda_66,-0.7198567555385615
7,Tienda_66,-0.8062632726487042
8,Tienda_66,-0.9686485264443951
9,Tienda_66,-0.33918776587357663
10,Tienda_66,-0.34579497848664503
11,Tienda_66,-0.0565731313248375
12,Tienda_66,0.13668443414681966
13,Tienda_66,0.02252345818697125
14,Tienda_66,-0.11100923291113127
15,Tienda_66,0.5136161250189071
16,Tienda_66,0.29236152487408057
17,Tienda_66,0.4631096095474985
18,Tienda_66,0.43964100025935066
19,Tienda_66,1.1070692411240464
20,Tienda_66,0.8478268807490437
21,Tienda_66,1.5530692659412526
22,Tienda_66,1.4468202442043003
23,Tienda_66,1.7211639957937195
24,Tienda_66,1.5023707338040253
1,Tienda_67,-1.5939977320051635
2,Tienda_67,-1.326178182420607
3,Tienda_67,-1.389001503840982
4,Tienda_67,-1.255943026106881
5,Tienda_67,-1.1411850100688763
6,Tienda_67,-0.6925834508155553
7,Tienda_67,-1.0161984736609389
8,Tienda_67,-0.5350069820802077
9,Tienda_67,-0.5370276772221305
10,Tienda_67,-0.5052301867292269
11,Tienda_67,-0.3523566607783481
12,Tienda_67,0.050510592511605924
13,Tienda_67,-0.032799954668253445
14,Tienda_67,0.21223640179208697
15,Tienda_67,0.663438111637656
16,Tienda_67,0.3220736793141633
17,Tienda_67,0.5509595134077887
18,Tienda_67,0.4519799124593907
19,Tienda_67,0.9186339148118375
20,Tienda_67,1.3746706778490985
21,Tienda_67,1.7027741454611798
22,Tienda_67,1.3428984237539403
23,Tienda_67,1.436053907340521
24,Tienda_67,1.3512795600579026
1,Tienda_68,-1.7004129198935307
2,Tienda_68,-1.4033276470185918
3,Tienda_68,-1.2512261770309248
4,Tienda_68,-1.2301906330434096
5,Tienda_68,-1.0740956656995178
6,Tienda_68,-0.7615183000788924
7,Tienda_68,-0.7487709256549959
8,Tienda_68,-0.6913306178712991
9,Tienda_68,-0.5285872293503345
10,Tienda_68,-0.40466023292535175
11,Tienda_68,-0.24606420432961995
12,Tienda_68,-0.24497163428222657
13,Tienda_68,0.22678131316752023
14,Tienda_68,0.2756763401047919
15,Tienda_68,0.328454744351621
16,Tienda_68,-0.14866564672357194
17,Tienda_68,0.8519532425339857
18,Tienda_68,0.6749160410403121
19,Tienda_68,1.0873517654165419
20,Tienda_68,1.2517957961332047
21,Tienda_68,1.206552817248115
22,Tienda_68,1.2860625306941014
23,Tienda_68,1.3358143656892696
24,Tienda_68,1.9084628775228
1,Tienda_69,-1.8061009064205344
2,Tienda_69,-1.255711486463139
3,Tienda_69,-1.3569653506584929
4,Tienda_69,-1.1453506590374087
5,Tienda_69,-1.0946566987690562
6,Tienda_69,-1.0642300733180587
7,Tienda_69,-0.7871091057609316
8,Tienda_69,-0.6317767399336609
9,Tienda_69,-0.5047084573663487
10,Tienda_69,-0.19760221241066855
11,Tienda_69,-0.25139900512612584
12,Tienda_69,-0.18728281916454043
13,Tienda_69,0.184768923426581
14,Tienda_69,-0.09903218989273387
15,Tienda_69,0.29668813579931513
16,Tienda_69,0.5335905640340076
17,Tienda_69,0.6547789450411466
18,Tienda_69,0.7383055826629557
19,Tienda_69,1.1073630994565862
20,Tienda_69,1.071451899445816
21,Tienda_69,1.460379819359755
22,Tienda_69,1.700747121407657
23,Tienda_69,1.2545144636733503
24,Tienda_69,1.3793371500145173
1,Tienda_70,-1.7045736758037997
2,Tienda_70,-1.4574879771488818
3,Tienda_70,-1.4986123162462632
4,Tienda_70,-1.0858183858720365
5,Tienda_70,-1.057106054399757
6,Tienda_70,-1.048682653926242
7,Tienda_70,-0.949378213972116
8,Tienda_70,-0.7976440308305376
9,Tienda_70,-0.34774579091771507
10,Tienda_70,-0.30568134665316005
11,Tienda_70,-0.030490617557800116
12,Tienda_70,0.2083412466088346
13,Tienda_70,-0.035799699267972225
14,Tienda_70,0.18053152838858058
15,Tienda_70,0.5714553616618028
16,Tienda_70,0.40038746467710296
17,Tienda_70,0.7873632294575967
18,Tienda_70,0.6726143851611116
19,Tienda_70,0.970932493909635
20,Tienda_70,0.9467584363232012
21,Tienda_70,0.9544901614382673
22,Tienda_70,1.4703453990512831
23,Tienda_70,1.7314993982830442
24,Tienda_70,1.424301657635826
1,Tienda_71,-1.6567988634029227
2,Tienda_71,-1.4605977465297684
3,Tienda_71,-1.2717603855718007
4,Tienda_71,-1.0496085148760772
5,Tienda_71,-1.1529437331602952
6,Tienda_71,-0.8376308019871318
7,Tienda_71,-0.9841744340022927
8,Tienda_71,-0.6514092349529165
9,Tienda_71,-0.48755073187077547
10,Tienda_71,-0.5452782566275178
11,Tienda_71,-0.2860537114310211
12,Tienda_71,0.04470930237700328
13,Tienda_71,0.36807442744990115
14,Tienda_71,0.24881767506488323
15,Tienda_71,0.2911630137070451
16,Tienda_71,0.2688853028092074
17,Tienda_71,0.8175767411861313
18,Tienda_71,0.4550533379370594
19,Tienda_71,0.6563020363028271
20,Tienda_71,1.2967890393859425
21,Tienda_71,1.0991886704948741
22,Tienda_71,1.5480496482925383
23,Tienda_71,1.6029135739649194
24,Tienda_71,1.6862836454401962
1,Tienda_72,-1.8803251773028071
2,Tienda_72,-1.480728174716634
3,Tienda_72,-1.4990166839727057
4,Tienda_72,-1.2297859726825928
5,Tienda_72,-0.958160902899169
6,Tienda_72,-0.7120940074990652
7,Tienda_72,-0.5363679137718346
8,Tienda_72,-0.6809117360620704
9,Tienda_72,-0.4264556809100809
10,Tienda_72,-0.2487861868602012
11,Tienda_72,0.26501094469654596
12,Tienda_72,0.4202356862520943
13,Tienda_72,-0.14883596362086404
14,Tienda_72,-0.033951184776309276
15,Tienda_72,0.36484700706842044
16,Tienda_72,0.4187278706222769
17,Tienda_72,0.5208931100080777
18,Tienda_72,0.05427841643832961
19,Tienda_72,1.3942117594031804
20,Tienda_72,1.1377278057686928
21,Tienda_72,0.6887546232795456
22,Tienda_72,1.9460543896456701
23,Tienda_72,0.9282351182492471
24,Tienda_72,1.6964428536422584
1,Tienda_73,-1.563010017927361
2,Tienda_73,-1.4166261763141963
3,Tienda_73,-1.4118870093994407
4,Tienda_73,-1.3180728856605777
5,Tienda_73,-1.0472462533856934
6,Tienda_73,-0.8629004510246052
7,Tienda_73,-0.6865460137029678
8,Tienda_73,-0.4136110188001037
9,Tienda_73,-0.5805366103421274
10,Tienda_73,-0.3343886125202299
11,Tienda_73,-0.523345433317812
12,Tienda_73,0.09091417635547584
13,Tienda_73,-0.11580220259849221
14,Tienda_73,0.1443868600278532
15,Tienda_73,0.3876596882844013
16,Tienda_73,0.6986905285860411
17,Tienda_73,1.2149000400927388
18,Tienda_73,0.5327452901659016
19,Tienda_73,0.376742857080273
20,Tienda_73,1.0737381239482606
21,Tienda_73,0.9391914547212058
22,Tienda_73,1.7180863992725237
23,Tienda_73,1.9005870381319172
24,Tienda_73,1.1963302283270119
1,Tienda_74,-1.6465931995748377
2,Tienda_74,-1.4933430639379754
3,Tienda_74,-1.6249276622466988
4,Tienda_74,-1.0725109508720303
5,Tienda_74,-0.9097216628255315
6,Tienda_74,-0.5100111813654771
7,Tienda_74,-0.8970525960488583
8,Tienda_74,-0.42841625024604346
9,Tienda_74,-0.37540769415395425
10,Tienda_74,-0.7219664665692015
11,Tienda_74,0.19768405056873614
12,Tienda_74,0.34524567832441294
13,Tienda_74,-0.17180503386379956
14,Tienda_74,0.25462215014131867
15,Tienda_74,0.2808691825568067
16,Tienda_74,0.6479788952304619
17,Tienda_74,0.44429294923648077
18,Tienda_74,-0.07707486288664876
19,Tienda_74,0.713454246081791
20,Tienda_74,1.3227606916937211
21,Tienda_74,1.0354319279462214
22,Tienda_74,1.0406920904533694
23,Tienda_74,2.330517404457096
24,Tienda_74,1.3152813579006386
1,Tienda_75,-1.7851697651761969
2,Tienda_75,-1.6294200272614547
3,Tienda_75,-1.1348733809936826
4,Tienda_75,-1.117865508661192
5,Tienda_75,-1.0689443075622953
6,Tienda_75,-1.0497332081229507
7,Tienda_75,-0.9634901137893123
8,Tienda_75,-0.35332849422566387
9,Tienda_75,-0.2830593633905402
10,Tienda_75,-0.33026635356291345
11,Tienda_75,-0.013816351401423078
12,Tienda_75,-0.19171733172806932
13,Tienda_75,-0.132005334610047
14,Tienda_75,-0.049867427525335246
15,Tienda_75,0.3273083134391124
16,Tienda_75,0.36836625819660956
17,Tienda_75,1.1907338400169418
18,Tienda_75,0.7264011788507123
19,Tienda_75,0.9628547220954206
20,Tienda_75,0.7524607573088233
21,Tienda_75,1.353115945502672
22,Tienda_75,1.453038941483173
23,Tienda_75,1.6340387535145537
24,Tienda_75,1.3352382576030628
1,Tienda_76,-1.6191023876178237
2,Tienda_76,-1.5579351641962824
3,Tienda_76,-1.388246564133039
4,Tienda_76,-0.9589566706374202
5,Tienda_76,-1.0186284480355716
6,Tienda_76,-0.9714175846380536
7,Tienda_76,-0.8364350074942702
8,Tienda_76,-0.5627029000264414
9,Tienda_76,-0.34583621115062846
10,Tienda_76,-0.23162392271423995
11,Tienda_76,-0.5582784355295934
12,Tienda_76,-0.3993219381732504
13,Tienda_76,0.7154559011494358
14,Tienda_76,-0.45752683624177437
15,Tienda_76,0.8627240695591547
16,Tienda_76,0.49595092943714936
17,Tienda_76,1.0265848847769365
18,Tienda_76,0.5885812215133688
19,Tienda_76,1.5054538076971222
20,Tienda_76,1.1468156885931382
21,Tienda_76,1.2365884045781272
22,Tienda_76,0.5162784637447231
23,Tienda_76,1.5084738346149025
24,Tienda_76,1.3031048649243204
1,Tienda_77,-1.5173589737532067
2,Tienda_77,-1.3132676214342318
3,Tienda_77,-1.3357425610974383
4,Tienda_77,-1.1317544072532089
5,Tienda_77,-1.1467648033015125
6,Tienda_77,-0.9187491895105832
7,Tienda_77,-0.7067733163208195
8,Tienda_77,-0.8703355335036819
9,Tienda_77,-0.8774661018632413
10,Tienda_77,-0.4465892386014762
11,Tienda_77,-0.007733374884620066
12,Tienda_77,-0.12557974574631667
13,Tienda_77,0.027678286152620718
14,Tienda_77,0.37028381737992117
15,Tienda_77,0.34810169758867365
16,Tienda_77,0.2050275712575847
17,Tienda_77,0.7233840059992942
18,Tienda_77,0.7001578773745513
19,Tienda_77,1.1398070173346304
20,Tienda_77,1.0207606458066072
21,Tienda_77,1.133717921316107
22,Tienda_77,1.331531959289783
23,Tienda_77,1.597803576092815
24,Tienda_77,1.799860491677752
1,Tienda_78,-1.5007226787898897
2,Tienda_78,-1.4119110075366856
3,Tienda_78,-1.406691649147723
4,Tienda_78,-1.1592401819181366
5,Tienda_78,-0.9441137614203563
6,Tienda_78,-0.8479605907299748
7,Tienda_78,-0.7027522787911733
8,Tienda_78,-0.928421533896605
9,Tienda_78,-0.5726502923966768
10,Tienda_78,-0.7588817270003353
11,Tienda_78,0.2901195454264617
12,Tienda_78,0.04743180725133348
13,Tienda_78,0.2923906033373599
14,Tienda_78,0.32631419856194394
15,Tienda_78,-0.09982198662231263
16,Tienda_78,0.5642466202865638
17,Tienda_78,0.5218419436777066
18,Tienda_78,0.35629307815024663
19,Tienda_78,0.5888486908106864
20,Tienda_78,1.5732241459214409
21,Tienda_78,1.0147691927032072
22,Tienda_78,1.2603964711328586
23,Tienda_78,1.7452291754431275
24,Tienda_78,1.7520622155469368
1,Tienda_79,-1.5834091282476435
2,Tienda_79,-1.496017076653888
3,Tienda_79,-1.1047448985827792
4,Tienda_79,-1.2050433538558296
5,Tienda_79,-1.1641923664223257
6,Tienda_79,-0.9941686315381203
7,Tienda_79,-0.7431047460415927
8,Tienda_79,-0.5595545310706119
9,Tienda_79,-0.5883914539402775
10,Tienda_79,-0.3386117848350659
11,Tienda_79,-0.27314404231826417
12,Tienda_79,-0.40076145549670183
13,Tienda_79,-0.23429544068154592
14,Tienda_79,0.6334756744130036
15,Tienda_79,0.6084264548807659
16,Tienda_79,0.3513282211390574
17,Tienda_79,0.5188119080594782
18,Tienda_79,0.8996255153715503
19,Tienda_79,1.1551155295799327
20,Tienda_79,1.1158013930769213
21,Tienda_79,1.1584988479218299
22,Tienda_79,0.8204754612788657
23,Tienda_79,1.4015500181126896
24,Tienda_79,2.02232988585057
1,Tienda_80,-1.6386895347250119
2,Tienda_80,-1.5132285103621719
3,Tienda_80,-1.1196929164886713
4,Tienda_80,-1.0183024773348788
5,Tienda_80,-1.362391024677324
6,Tienda_80,-0.9160775989490159
7,Tienda_80,-0.8392304673450987
8,Tienda_80,-0.4247960324303233
9,Tienda_80,-0.8012614464287383
10,Tienda_80,-0.24890218729745925
11,Tienda_80,-0.5558555900742218
12,Tienda_80,-0.04047498857267057
13,Tienda_80,0.23306152239727856
14,Tienda_80,0.16986531720060766
15,Tienda_80,0.438643555163975
16,Tienda_80,0.8649564007888857
17,Tienda_80,0.755381685006224
18,Tienda_80,0.47439179269515014
19,Tienda_80,0.5786591424015417
20,Tienda_80,1.0047232723934196
21,Tienda_80,1.5703886864068206
22,Tienda_80,1.3570138043293662
23,Tienda_80,1.325815247917247
24,Tienda_80,1.70600234798506
1,Tienda_81,-1.6721819278446248
2,Tienda_81,-1.6413592709428286
3,Tienda_81,-1.389752736506118
4,Tienda_81,-1.127923049900332
5,Tienda_81,-0.9578529801962633
6,Tienda_81,-0.9220693833852918
7,Tienda_81,-0.7555577279018837
8,Tienda_81,-0.9063609307525182
9,Tienda_81,-0.45245725492556854
10,Tienda_81,-0.22065232703325366
11,Tienda_81,-0.32802768137520516
12,Tienda_81,0.05907859440545211
13,Tienda_81,0.3010439619718524
14,Tienda_81,-0.2086189974317136
15,Tienda_81,0.6433714993525623
16,Tienda_81,0.5751479815493864
17,Tienda_81,0.7353671803958151
18,Tienda_81,0.7270931400945556
19,Tienda_81,1.149518246774393
20,Tienda_81,1.0646400543776806
21,Tienda_81,1.1577503659140156
22,Tienda_81,1.5339778290380328
23,Tienda_81,0.992980553678219
24,Tienda_81,1.642844860643637
1,Tienda_82,-1.7565939955890313
2,Tienda_82,-1.6767241524928123
3,Tienda_82,-1.175882933069027
4,Tienda_82,-1.3399075468628996
5,Tienda_82,-0.892972485122062
6,Tienda_82,-0.8675938189000791
7,Tienda_82,-0.99262848152486
8,Tienda_82,-0.8976933663884985
9,Tienda_82,-0.2778227428921172
10,Tienda_82,-0.21793296824913316
11,Tienda_82,-0.12186804347687165
12,Tienda_82,0.06121861571051896
13,Tienda_82,0.22729403639467255
14,Tienda_82,0.37706125697343534
15,Tienda_82,0.37049959986649766
16,Tienda_82,0.2283398135211655
17,Tienda_82,0.28931344376694945
18,Tienda_82,1.1019068294310006
19,Tienda_82,0.9620739639135675
20,Tienda_82,1.1629519394793995
21,Tienda_82,1.164073243232859
22,Tienda_82,1.3558686246843663
23,Tienda_82,1.5873883444545065
24,Tienda_82,1.3296308231384542
1,Tienda_83,-1.533066345598584
2,Tienda_83,-1.5900070546674925
3,Tienda_83,-1.540631161662071
4,Tienda_83,-1.347659106335757
5,Tienda_83,-0.887623630636214
6,Tienda_83,-0.8333056717295239
7,Tienda_83,-0.7865230003113767
8,Tienda_83,-0.7753827130526215
9,Tienda_83,-0.22349736276692025
10,Tienda_83,-0.7768834003636562
11,Tienda_83,-0.125386230242079
12,Tienda_83,0.2098167238227445
13,Tienda_83,0.44742823127395953
14,Tienda_83,0.24057716070740978
15,Tienda_83,0.4956071420923996
16,Tienda_83,0.46584199229804424
17,Tienda_83,0.6752013133763295
18,Tienda_83,0.8126970388741042
19,Tienda_83,0.8970814447821145
20,Tienda_83,0.772021407366048
21,Tienda_83,0.9238983667816072
22,Tienda_83,1.1160899142748797
23,Tienda_83,1.1708970895675501
24,Tienda_83,2.192807852149108
1,Tienda_84,-1.560358461454504
2,Tienda_84,-1.7184680001433075
3,Tienda_84,-1.5955553676146403
4,Tienda_84,-1.1139900011647064
5,Tienda_84,-1.0738964457268012
6,Tienda_84,-0.7489854601698266
7,Tienda_84,-0.8079774724724677
8,Tienda_84,-0.7906763439219744
9,Tienda_84,-0.5148164941313277
10,Tienda_84,-0.06394682005351489
11,Tienda_84,-0.2839303327948187
12,Tienda_84,0.5272284069383676
13,Tienda_84,0.09237671837864596
14,Tienda_84,-0.09528951291827718
15,Tienda_84,0.4540266249879958
16,Tienda_84,0.6712018016406905
17,Tienda_84,0.41437257043316467
18,Tienda_84,0.5944550203759643
19,Tienda_84,0.8997217344427079
20,Tienda_84,1.0324329346058483
21,Tienda_84,1.328558015237668
22,Tienda_84,1.299504703523309
23,Tienda_84,1.4451537608757024
24,Tienda_84,1.6088584211260921
1,Tienda_85,-1.602166448508034
2,Tienda_85,-1.5941338927323383
3,Tienda_85,-1.3348541173024455
4,Tienda_85,-1.180304083881753
5,Tienda_85,-0.933957595556611
6,Tienda_85,-0.8649513390160362
7,Tienda_85,-0.9911146099956263
8,Tienda_85,-0.5772120898307973
9,Tienda_85,-0.4577164338078159
10,Tienda_85,-0.31310498416538435
11,Tienda_85,-0.012741283468045456
12,Tienda_85,-0.10129558474591656
13,Tienda_85,-0.21366506526514373
14,Tienda_85,0.23217175439382057
15,Tienda_85,0.20292707101210203
16,Tienda_85,0.4797293836763367
17,Tienda_85,0.3722013583308335
18,Tienda_85,0.8197387051914513
19,Tienda_85,1.4353406865782778
20,Tienda_85,1.1513210450329465
21,Tienda_85,1.0011183164242308
22,Tienda_85,1.5813440413962403
23,Tienda_85,1.1472408730158326
24,Tienda_85,1.7540842932238758
1,Tienda_86,-1.3635387269033434
2,Tienda_86,-1.481376259791578
3,Tienda_86,-1.4096074215025054
4,Tienda_86,-1.1698282991773346
5,Tienda_86,-1.196149322757683
6,Tienda_86,-0.9095582370886024
7,Tienda_86,-0.7149820507753907
8,Tienda_86,-0.7147693753161604
9,Tienda_86,-0.08796012462614188
10,Tienda_86,-0.14706006796427892
11,Tienda_86,-0.24170946979491062
12,Tienda_86,-0.357671403890424
13,Tienda_86,-0.12345352132440415
14,Tienda_86,-0.49949353145985276
15,Tienda_86,0.20648454156561827
16,Tienda_86,0.7064327216990017
17,Tienda_86,0.5811470124812146
18,Tienda_86,1.298606707805278
19,Tienda_86,1.0314494890342334
20,Tienda_86,1.0626419915951533
21,Tienda_86,1.3759727957413528
22,Tienda_86,0.9908280857979174
23,Tienda_86,1.2718908349265876
24,Tienda_86,1.8917036317262517
1,Tienda_87,-1.4840665891774074
2,Tienda_87,-1.512219789493537
3,Tienda_87,-1.293982161509153
4,Tienda_87,-1.2355370368589889
5,Tienda_87,-1.059042306398584
6,Tienda_87,-0.6997711342069836
7,Tienda_87,-0.8541257313460557
8,Tienda_87,-0.4741864351791118
9,Tienda_87,-0.3442937877453643
10,Tienda_87,-0.45270767681009366
11,Tienda_87,-0.6368647777463752
12,Tienda_87,-0.1487332605304014
13,Tienda_87,-0.2098936673127444
14,Tienda_87,0.265125295070276
15,Tienda_87,-0.015123271722618218
16,Tienda_87,0.610804795649637
17,Tienda_87,0.7438442491602206
18,Tienda_87,0.6651164130857223
19,Tienda_87,1.5555094248526413
20,Tienda_87,1.2226917777350408
21,Tienda_87,0.9054982308843101
22,Tienda_87,1.4758761997647152
23,Tienda_87,1.1978964578535782
24,Tienda_87,1.7781847819812795
1,Tienda_88,-1.521541386554656
2,Tienda_88,-1.2191354364601723
3,Tienda_88,-1.3701843740559498
4,Tienda_88,-1.3192134418059134
5,Tienda_88,-1.3802189075745188
6,Tienda_88,-0.9797881625333889
7,Tienda_88,-0.9264163987718123
8,Tienda_88,-0.7680202425934507
9,Tienda_88,-0.5292629221552135
10,Tienda_88,-0.20373311776431255
11,Tienda_88,-0.19562046818524537
12,Tienda_88,-0.14162350348926278
13,Tienda_88,0.03187005684544393
14,Tienda_88,0.1355990576326244
15,Tienda_88,0.4774083560537795
16,Tienda_88,0.6864407895695445
17,Tienda_88,1.237896525064212
18,Tienda_88,0.8417290615001563
19,Tienda_88,1.4779729645568103
20,Tienda_88,0.8098627527246662
21,Tienda_88,1.0637049514019528
22,Tienda_88,1.3925786734263974
23,Tienda_88,1.4626562819762217
24,Tienda_88,0.9370388911920867
1,Tienda_89,-1.4510760996340326
2,Tienda_89,-1.51899629875991
3,Tienda_89,-1.395556750617049
4,Tienda_89,-0.9144278469009086
5,Tienda_89,-1.3336544637154744
6,Tienda_89,-1.14063173402869
7,Tienda_89,-0.7538471603595502
8,Tienda_89,-0.9619865521958967
9,Tienda_89,-0.39078246717376963
10,Tienda_89,-0.23084951282838767
11,Tienda_89,0.20010358658971633
12,Tienda_89,-0.18522969527367825
13,Tienda_89,0.0506944574369101
14,Tienda_89,0.10193967381391973
15,Tienda_89,0.43671334665879813
16,Tienda_89,0.39012760587220907
17,Tienda_89,0.8091926528257775
18,Tienda_89,1.0690977749594561
19,Tienda_89,0.4894017869179236
20,Tienda_89,1.046310291625298
21,Tienda_89,1.2582566183540158
22,Tienda_89,1.0396429265027425
23,Tienda_89,1.510366080458325
24,Tienda_89,1.8751917794722384
1,Tienda_90,-1.600443085546279
2,Tienda_90,-1.5284073765588613
3,Tienda_90,-1.3304925740385072
4,Tienda_90,-1.376795128867753
5,Tienda_90,-1.2212702635245039
6,Tienda_90,-0.829237255802583
7,Tienda_90,-0.7632823159676603
8,Tienda_90,-0.49669961054630574
9,Tienda_90,-0.5863558340706109
10,Tienda_90,-0.07361268154696653
11,Tienda_90,-0.29693545825345713
12,Tienda_90,-0.16652774147599358
13,Tienda_90,0.6278282311724916
14,Tienda_90,0.029690892750969058
15,Tienda_90,0.16719391465117187
16,Tienda_90,0.19350203698328056
17,Tienda_90,0.5387697372077349
18,Tienda_90,0.9877210158357241
19,Tienda_90,1.0025625834724476
20,Tienda_90,1.2005835236042743
21,Tienda_90,1.0344326016411436
22,Tienda_90,1.5629466585001506
23,Tienda_90,1.452673126804747
24,Tienda_90,1.4721550035753468
1,Tienda_91,-1.575923634776446
2,Tienda_91,-1.4874919790627952
3,Tienda_91,-1.1288286504651335
4,Tienda_91,-1.1747585592848544
5,Tienda_91,-1.1893968672530681
6,Tienda_91,-0.738013541561176
7,Tienda_91,-0.7258526951687091
8,Tienda_91,-0.6338209872376767
9,Tienda_91,-0.7103450538720021
10,Tienda_91,-0.22075441462001938
11,Tienda_91,-0.6139791059342482
12,Tienda_91,-0.40177539899476367
13,Tienda_91,0.23985759692116776
14,Tienda_91,0.1939511085871509
15,Tienda_91,0.5751686367061959
16,Tienda_91,0.3303015357692107
17,Tienda_91,0.6424145085167215
18,Tienda_91,1.1102917721385046
19,Tienda_91,0.8838193180593671
20,Tienda_91,0.514321011262351
21,Tienda_91,1.439742157493475
22,Tienda_91,1.8007505547557459
23,Tienda_91,1.3689263898204356
24,Tienda_91,1.501396298200567
1,Tienda_92,-1.7132214760092457
2,Tienda_92,-1.3009617091439127
3,Tienda_92,-1.446091555993473
4,Tienda_92,-1.3979906937796314
5,Tienda_92,-0.9549892355616192
6,Tienda_92,-0.761598381268347
7,Tienda_92,-0.9100841663876641
8,Tienda_92,-0.5722609474953272
9,Tienda_92,-0.7130279327181245
10,Tienda_92,-0.0756503201992819
11,Tienda_92,-0.3621559736918779
12,Tienda_92,0.3264984549286481
13,Tienda_92,-0.2959723293920335
14,Tienda_92,0.19118688626540614
15,Tienda_92,0.3840597768417926
16,Tienda_92,0.45490219405019705
17,Tienda_92,0.9178815643001134
18,Tienda_92,0.4414506125185436
19,Tienda_92,0.992819436970901
20,Tienda_92,1.128032934974333
21,Tienda_92,1.2578588613070874
22,Tienda_92,1.3497843208003264
23,Tienda_92,1.3446456047681372
24,Tienda_92,1.7148840739150528
1,Tienda_93,-1.7289953959869506
2,Tienda_93,-1.6683228906161547
3,Tienda_93,-1.3885560057198332
4,Tienda_93,-1.588991607408492
5,Tienda_93,-0.7506263110752587
6,Tienda_93,-0.9643464624007144
7,Tienda_93,-0.9460460203745877
8,Tienda_93,-0.5172565419638758
9,Tienda_93,-0.661383434240577
10,Tienda_93,-0.21737831387254078
11,Tienda_93,0.03747245487901131
12,Tienda_93,0.14084744586267364
13,Tienda_93,-0.022551351662826416
14,Tienda_93,0.5135107464744039
15,Tienda_93,0.7669828640461742
16,Tienda_93,0.6902016098441608
17,Tienda_93,0.44690641442584556
18,Tienda_93,0.932465766751735
19,Tienda_93,0.8068831545738346
20,Tienda_93,1.1514387562589277
21,Tienda_93,1.0496702732816823
22,Tienda_93,1.416891382707289
23,Tienda_93,1.242649212198995
24,Tienda_93,1.258534254017076
1,Tienda_94,-1.5524021530447618
2,Tienda_94,-1.6979524664215626
3,Tienda_94,-1.283351870591868
4,Tienda_94,-1.1919083414181642
5,Tienda_94,-0.9227872259786027
6,Tienda_94,-0.9829119193991791
7,Tienda_94,-0.5665331733219755
8,Tienda_94,-0.5065335072046794
9,Tienda_94,-0.5087093578169868
10,Tienda_94,-0.43011697641316865
11,Tienda_94,-0.08424443579776997
12,Tienda_94,0.023248671563697126
13,Tienda_94,-0.41397689312439195
14,Tienda_94,0.2255276061098057
15,Tienda_94,0.35554210829031857
16,Tienda_94,0.15289836963277686
17,Tienda_94,0.7975525924212721
18,Tienda_94,0.8248944854294403
19,Tienda_94,1.4628095069798628
20,Tienda_94,0.6321616289026594
21,Tienda_94,1.0671997271943272
22,Tienda_94,1.0934030598770519
23,Tienda_94,1.5486258124842085
24,Tienda_94,1.9575647516476833
1,Tienda_95,-1.684297843024092
2,Tienda_95,-1.552347256051925
3,Tienda_95,-1.3018602334517007
4,Tienda_95,-1.107604560444163
5,Tienda_95,-1.0186132860223267
6,Tienda_95,-0.8047246930298133
7,Tienda_95,-0.8376958732263851
8,Tienda_95,-0.861729898051254
9,Tienda_95,-0.6377777560608364
10,Tienda_95,-0.2718138268032906
11,Tienda_95,-0.3155808427048283
12,Tienda_95,-0.16831103890782673
13,Tienda_95,0.11564069475334329
14,Tienda_95,0.29187602535182083
15,Tienda_95,0.6967904650018396
16,Tienda_95,0.6606122858698957
17,Tienda_95,0.5428222255734754
18,Tienda_95,0.9169758311508487
19,Tienda_95,0.4258949057443801
20,Tienda_95,1.5198946421726443
21,Tienda_95,1.2057315683321304
22,Tienda_95,1.2639459444696013
23,Tienda_95,1.210737256563942
24,Tienda_95,1.7114352627945344
1,Tienda_96,-1.5749149779195433
2,Tienda_96,-1.454823626901019
3,Tienda_96,-1.370588752323011
4,Tienda_96,-1.0326890735673897
5,Tienda_96,-1.2241680829497463
6,Tienda_96,-0.8238095656655401
7,Tienda_96,-0.7362013782556398
8,Tienda_96,-0.8130995319301726
9,Tienda_96,-0.6508675042692648
10,Tienda_96,-0.4548403724600234
11,Tienda_96,-0.1939416357953474
12,Tienda_96,0.03494080009456563
13,Tienda_96,0.15452543071951605
14,Tienda_96,0.03239144034474363
15,Tienda_96,0.6799532519014188
16,Tienda_96,0.6357900331226711
17,Tienda_96,0.4617235039309717
18,Tienda_96,0.5595472827727902
19,Tienda_96,1.137725943162269
20,Tienda_96,0.8359714449261411
21,Tienda_96,0.8426361753735173
22,Tienda_96,1.3918211653614931
23,Tienda_96,1.7426137644385262
24,Tienda_96,1.8203042658880761
1,Tienda_97,-1.7813272385107448
2,Tienda_97,-1.592105475169253
3,Tienda_97,-1.3620239759328896
4,Tienda_97,-1.3138526502006618
5,Tienda_97,-1.0298349505384583
6,Tienda_97,-1.1264031603842362
7,Tienda_97,-0.8411270928151988
8,Tienda_97,-0.8060509124687476
9,Tienda_97,-0.3592897804948568
10,Tienda_97,-0.10748262306361521
11,Tienda_97,-0.1525237268938346
12,Tienda_97,0.44280954450004617
13,Tienda_97,0.21946323644512472
14,Tienda_97,0.6484405140948731
15,Tienda_97,0.15842329624544255
16,Tienda_97,0.4735931103670624
17,Tienda_97,0.4073105553050882
18,Tienda_97,0.7173381687179791
19,Tienda_97,1.060144710912487
20,Tienda_97,1.2885618065412883
21,Tienda_97,1.4546001358533163
22,Tienda_97,1.327059278918771
23,Tienda_97,1.2327804451931381
24,Tienda_97,1.0414967833778797
1,Tienda_98,-1.6297236409592932
2,Tienda_98,-1.6246349975536405
3,Tienda_98,-1.3301284891037255
4,Tienda_98,-1.0770700053950797
5,Tienda_98,-1.2755483061157658
6,Tienda_98,-1.0045759564466188
7,Tienda_98,-0.5081930481079437
8,Tienda_98,-0.32509870206886315
9,Tienda_98,-0.7022426851826288
10,Tienda_98,-0.2136053220941497
11,Tienda_98,-0.5123536483369376
12,Tienda_98,0.19487807018738953
13,Tienda_98,-0.08654841190126869
14,Tienda_98,0.3490310410196409
15,Tienda_98,0.42159374655667814
16,Tienda_98,0.5029599137727835
17,Tienda_98,0.8410778191453677
18,Tienda_98,0.913666392112297
19,Tienda_98,0.7714715983958157
20,Tienda_98,0.9814433688539212
21,Tienda_98,1.627027237732572
22,Tienda_98,0.38604451365868936
23,Tienda_98,1.5233346714140419
24,Tienda_98,1.7771948404167093
1,Tienda_99,-1.7320940683246187
2,Tienda_99,-1.6855427338318218
3,Tienda_99,-1.1990003852934032
4,Tienda_99,-1.3329620661029553
5,Tienda_99,-0.9822452199919306
6,Tienda_99,-0.951501786625702
7,Tienda_99,-0.709160477657376
8,Tienda_99,-0.7069648699991433
9,Tienda_99,-0.3068887955950047
10,Tienda_99,-0.49125718475308533
11,Tienda_99,-0.035460833128622346
12,Tienda_99,0.08062169097504013
13,Tienda_99,0.17814217094639506
14,Tienda_99,0.15566365817108965
15,Tienda_99,0.31922434985448167
16,Tienda_99,-0.04046150556960658
17,Tienda_99,0.8106224032819733
18,Tienda_99,1.1020944620490245
19,Tienda_99,0.9865889582098538
20,Tienda_99,1.3580883029344302
21,Tienda_99,0.9787821007662626
22,Tienda_99,1.417936820934848
23,Tienda_99,1.5162671468018334
24,Tienda_99,1.2695078619480338
1,Tienda_100,-1.5655493054316565
2,Tienda_100,-1.5292443623332868
3,Tienda_100,-1.4428912345524136
4,Tienda_100,-0.9803319960937065
5,Tienda_100,-1.3588789998435225
6,Tienda_100,-0.939671292982292
7,Tienda_100,-0.7622325035121141
8,Tienda_100,-0.4285944685010733
9,Tienda_100,-0.4477283811247914
10,Tienda_100,-0.31241618498107987
11,Tienda_100,-0.10415985242199877
12,Tienda_100,-0.1742424247118308
13,Tienda_100,-0.06858678189306075
14,Tienda_100,0.2742409890412927
15,Tienda_100,0.2093256520954765
16,Tienda_100,0.5039610968980602
17,Tienda_100,0.5188843832208854
18,Tienda_100,0.4838983388760738
19,Tienda_100,1.027636554878435
20,Tienda_100,1.6843811801402884
21,Tienda_100,0.9365617818086065
22,Tienda_100,1.5499394685525552
23,Tienda_100,1.4490018262562416
24,Tienda_100,1.4766965166149122
