Periodo,Tienda,Ventas
1,Tienda_1,371.56474912428496
2,Tienda_1,522.068486391388
3,Tienda_1,521.8803644077091
4,Tienda_1,538.8921960471077
5,Tienda_1,679.2197883760623
6,Tienda_1,708.8086315919799
7,Tienda_1,850.9099782915057
8,Tienda_1,1000.2262175118452
9,Tienda_1,1118.401719701533
10,Tienda_1,1026.220137036998
11,Tienda_1,1137.6802074567856
12,Tienda_1,1264.928179635726
13,Tienda_1,1164.7007487512285
14,Tienda_1,1430.940376206387
15,Tienda_1,1203.0117188974823
16,Tienda_1,1651.0646295114866
17,Tienda_1,1494.5302319861648
18,Tienda_1,1497.0568728992807
19,Tienda_1,1483.004779403402
20,Tienda_1,1604.2203756823517
21,Tienda_1,1427.213742994929
22,Tienda_1,1649.7124057506287
23,Tienda_1,1813.6706486408275
24,Tienda_1,1969.6438153627205
1,Tienda_2,447.247064907019
2,Tienda_2,530.9326666416702
3,Tienda_2,678.0646856187004
4,Tienda_2,689.724767211786
5,Tienda_2,682.2118994457575
6,Tienda_2,716.9693129814142
7,Tienda_2,813.3942226566558
8,Tienda_2,902.4004321895688
9,Tienda_2,1049.682847396547
10,Tienda_2,1066.007633663358
11,Tienda_2,962.517897251586
12,Tienda_2,1036.0112692824723
13,Tienda_2,1302.0231895249087
14,Tienda_2,1201.484710532028
15,Tienda_2,1235.315617990434
16,Tienda_2,1082.3831500093104
17,Tienda_2,1204.434376993671
18,Tienda_2,1330.46653750132
19,Tienda_2,1287.2494172087024
20,Tienda_2,1500.700850249266
21,Tienda_2,1440.5585156529617
22,Tienda_2,1551.567342379003
23,Tienda_2,1629.748406948371
24,Tienda_2,1629.3239371264476
1,Tienda_3,828.308925832357
2,Tienda_3,904.2165630973748
3,Tienda_3,1089.587200400388
4,Tienda_3,1255.4673739658567
5,Tienda_3,1189.656722040209
6,Tienda_3,1405.482388224673
7,Tienda_3,1497.6975808834002
8,Tienda_3,1616.4188869954587
9,Tienda_3,1552.245358006959
10,Tienda_3,1749.5457221151546
11,Tienda_3,1853.827313198084
12,Tienda_3,2127.607876177822
13,Tienda_3,1920.7416817874769
14,Tienda_3,2219.44970124163
15,Tienda_3,2389.6272950191537
16,Tienda_3,2193.00458781674
17,Tienda_3,2140.718888065563
18,Tienda_3,2333.918432636332
19,Tienda_3,2620.599227653844
20,Tienda_3,2517.7983793963604
21,Tienda_3,2442.790734562112
22,Tienda_3,2650.604435748924
23,Tienda_3,2499.033217268894
24,Tienda_3,3157.3254806066325
1,Tienda_4,211.31470796995225
2,Tienda_4,221.84236713437772
3,Tienda_4,241.27908903600164
4,Tienda_4,264.9036230695562
5,Tienda_4,288.7453116041204
6,Tienda_4,319.3996351345844
7,Tienda_4,309.7893086135393
8,Tienda_4,295.05890619345865
9,Tienda_4,312.7276503540194
10,Tienda_4,335.0579483076988
11,Tienda_4,366.34217127114704
12,Tienda_4,367.20163581593016
13,Tienda_4,406.8127504165752
14,Tienda_4,391.5391051772591
15,Tienda_4,345.3318553428049
16,Tienda_4,410.7682085273716
17,Tienda_4,457.7968457615016
18,Tienda_4,489.9052878676032
19,Tienda_4,460.7740253485084
20,Tienda_4,515.4710204911527
21,Tienda_4,497.58079515825415
22,Tienda_4,469.9356886214807
23,Tienda_4,527.411501343336
24,Tienda_4,523.7472340412854
1,Tienda_5,989.8486061887468
2,Tienda_5,1062.3009839705182
3,Tienda_5,1066.9816160479284
4,Tienda_5,1293.8871843305676
5,Tienda_5,1257.4991516300447
6,Tienda_5,1255.8062573144057
7,Tienda_5,1408.9638002484803
8,Tienda_5,1562.5945798188766
9,Tienda_5,1484.3184230657482
10,Tienda_5,1661.794676325831
11,Tienda_5,1734.7125770634427
12,Tienda_5,1701.6976957101338
13,Tienda_5,1759.8343344867187
14,Tienda_5,1959.541450452899
15,Tienda_5,1969.8984956494576
16,Tienda_5,2059.2435268991267
17,Tienda_5,1939.6425929606032
18,Tienda_5,2199.2845062376086
19,Tienda_5,2414.6073529116734
20,Tienda_5,2219.5569055735664
21,Tienda_5,2253.5558928285527
22,Tienda_5,2167.031344875924
23,Tienda_5,2508.8728714982385
24,Tienda_5,2377.258892608716
1,Tienda_6,1130.5120670839149
2,Tienda_6,1191.000388929049
3,Tienda_6,1184.484420888864
4,Tienda_6,1421.9439937903685
5,Tienda_6,1456.082773381897
6,Tienda_6,1530.6405779404363
7,Tienda_6,1767.2637917065006
8,Tienda_6,1825.8042039032669
9,Tienda_6,2017.3422960646096
10,Tienda_6,2158.376148532453
11,Tienda_6,1829.0946813910632
12,Tienda_6,2385.6833149615136
13,Tienda_6,2273.5598482581486
14,Tienda_6,2588.895446549905
15,Tienda_6,2752.90289566545
16,Tienda_6,2529.6927425254407
17,Tienda_6,3211.394468365668
18,Tienda_6,2606.565289922277
19,Tienda_6,3197.4071887737546
20,Tienda_6,2999.251271447132
21,Tienda_6,3521.813874267362
22,Tienda_6,3068.858538147076
23,Tienda_6,3477.6787310861946
24,Tienda_6,3561.000424658156
1,Tienda_7,587.3531163583918
2,Tienda_7,607.1707951134806
3,Tienda_7,643.0884849810719
4,Tienda_7,700.3874617576555
5,Tienda_7,750.266503643362
6,Tienda_7,818.8285839042308
7,Tienda_7,933.2735769844248
8,Tienda_7,900.1915004791897
9,Tienda_7,870.8826805680156
10,Tienda_7,924.49585496247
11,Tienda_7,1131.8776428141794
12,Tienda_7,1243.4741576183994
13,Tienda_7,1126.3580333535522
14,Tienda_7,1238.6107771993843
15,Tienda_7,1285.8450449497411
16,Tienda_7,1567.8254248883227
17,Tienda_7,1420.7727701281135
18,Tienda_7,1675.030061837355
19,Tienda_7,1536.9727243606728
20,Tienda_7,1640.7581123783891
21,Tienda_7,1721.880756021521
22,Tienda_7,1528.1258991535428
23,Tienda_7,1860.5571903848224
24,Tienda_7,1894.762056808269
1,Tienda_8,193.1290687203227
2,Tienda_8,210.43992531081423
3,Tienda_8,230.0302669367412
4,Tienda_8,246.32153332639908
5,Tienda_8,319.294744193139
6,Tienda_8,375.0786392255663
7,Tienda_8,381.7194635508612
8,Tienda_8,388.939133978617
9,Tienda_8,382.3487343472221
10,Tienda_8,507.91326037228737
11,Tienda_8,479.8600989370167
12,Tienda_8,513.8837056603868
13,Tienda_8,555.9116120567783
14,Tienda_8,599.9350677532867
15,Tienda_8,704.3932814603913
16,Tienda_8,683.0976714295658
17,Tienda_8,769.9721370628458
18,Tienda_8,730.817921506783
19,Tienda_8,856.4065338437089
20,Tienda_8,707.6187296896215
21,Tienda_8,852.4173741689245
22,Tienda_8,962.2936064782816
23,Tienda_8,959.1202833767172
24,Tienda_8,911.7672306421744
1,Tienda_9,903.7359019726068
2,Tienda_9,1138.6347011200396
3,Tienda_9,999.5543574092084
4,Tienda_9,1187.0825587903794
5,Tienda_9,1672.4586935947216
6,Tienda_9,1527.9558756315366
7,Tienda_9,1566.5862304319376
8,Tienda_9,1731.202226377566
9,Tienda_9,1773.5877851043847
10,Tienda_9,1828.887463349352
11,Tienda_9,1605.8091045635815
12,Tienda_9,2118.3122279968425
13,Tienda_9,2181.6033592401827
14,Tienda_9,1622.815518561178
15,Tienda_9,2525.9724702569747
16,Tienda_9,2377.722135558208
17,Tienda_9,2491.827899382575
18,Tienda_9,2619.111238007778
19,Tienda_9,2762.280681651478
20,Tienda_9,2962.4872590166574
21,Tienda_9,2911.3180902189847
22,Tienda_9,2723.6268093477765
23,Tienda_9,3623.043617762037
24,Tienda_9,3722.860389986766
1,Tienda_10,973.5120751139374
2,Tienda_10,1137.24311147472
3,Tienda_10,1334.4183313738145
4,Tienda_10,1606.5066994201952
5,Tienda_10,1772.4094097471102
6,Tienda_10,2069.4655119192576
7,Tienda_10,1513.3332078008953
8,Tienda_10,1991.290493519303
9,Tienda_10,2463.162920748149
10,Tienda_10,2235.9070898662158
11,Tienda_10,2081.3092493372533
12,Tienda_10,2706.533547696064
13,Tienda_10,3277.8564087909226
14,Tienda_10,3729.34290722573
15,Tienda_10,3717.805669805636
16,Tienda_10,3318.63590955876
17,Tienda_10,3373.993330708805
18,Tienda_10,4140.888005746641
19,Tienda_10,3833.552008585123
20,Tienda_10,4106.898164755141
21,Tienda_10,4696.07596317719
22,Tienda_10,4942.470557391979
23,Tienda_10,4601.390482113406
24,Tienda_10,4825.689047960763
1,Tienda_11,1317.7924307917724
2,Tienda_11,1424.1281339868249
3,Tienda_11,1395.4207124510056
4,Tienda_11,1496.384063882384
5,Tienda_11,1533.1485445329042
6,Tienda_11,1598.6367929954458
7,Tienda_11,1844.101762019237
8,Tienda_11,1936.904174048278
9,Tienda_11,1911.581795253024
10,Tienda_11,2059.5812080678725
11,Tienda_11,2230.513522445403
12,Tienda_11,2399.154028575438
13,Tienda_11,2359.2506375982166
14,Tienda_11,2571.9436961673728
15,Tienda_11,2229.837039026609
16,Tienda_11,2594.7713926191764
17,Tienda_11,2795.051678528822
18,Tienda_11,2816.987929035796
19,Tienda_11,2947.397918892295
20,Tienda_11,2938.100098199244
21,Tienda_11,2819.6541520036944
22,Tienda_11,3052.419815759756
23,Tienda_11,3268.22498849934
24,Tienda_11,3283.0113908162707
1,Tienda_12,1420.2122282688806
2,Tienda_12,1581.5140338506803
3,Tienda_12,1617.6200240184414
4,Tienda_12,1785.3884168457
5,Tienda_12,1843.253838737722
6,Tienda_12,1991.4415136817408
7,Tienda_12,2164.016915692001
8,Tienda_12,2112.520234737897
9,Tienda_12,2271.9840111786057
10,Tienda_12,2164.798912889901
11,Tienda_12,2308.899859313056
12,Tienda_12,2312.951849840544
13,Tienda_12,2694.6426886178406
14,Tienda_12,2539.850507731672
15,Tienda_12,2975.2155543341505
16,Tienda_12,3041.186291986717
17,Tienda_12,2582.904616292365
18,Tienda_12,2830.699517264749
19,Tienda_12,3212.6634634590573
20,Tienda_12,2952.6455208710577
21,Tienda_12,3192.791046746315
22,Tienda_12,3548.4586999993217
23,Tienda_12,3759.2504520768657
24,Tienda_12,3448.311756407532
1,Tienda_13,729.8208541977816
2,Tienda_13,763.0084063775524
3,Tienda_13,813.6922656420168
4,Tienda_13,892.9875277218853
5,Tienda_13,948.679552300874
6,Tienda_13,876.8533546478681
7,Tienda_13,944.6781468389588
8,Tienda_13,1062.6598724360977
9,Tienda_13,1105.1346264553986
10,Tienda_13,1121.718949137125
11,Tienda_13,1222.0281427703487
12,Tienda_13,1253.9511859828715
13,Tienda_13,1362.3948094987988
14,Tienda_13,1335.731829866498
15,Tienda_13,1394.6335955317527
16,Tienda_13,1443.5260796231294
17,Tienda_13,1546.9662431057643
18,Tienda_13,1567.7822999786397
19,Tienda_13,1600.2695686496666
20,Tienda_13,1776.3108793606311
21,Tienda_13,1730.3116124819896
22,Tienda_13,1680.3582796650226
23,Tienda_13,1624.4913717052843
24,Tienda_13,1847.126940507841
1,Tienda_14,691.2160454479629
2,Tienda_14,801.9798565965917
3,Tienda_14,736.425747770224
4,Tienda_14,861.5543916740793
5,Tienda_14,839.8339794719383
6,Tienda_14,937.1136557702404
7,Tienda_14,963.1603295725886
8,Tienda_14,1064.3844770658363
9,Tienda_14,1143.7049601714866
10,Tienda_14,1142.9112977472996
11,Tienda_14,1103.2248265724306
12,Tienda_14,1150.5097855816075
13,Tienda_14,1245.557437532713
14,Tienda_14,1232.4213163089755
15,Tienda_14,1377.2711809020866
16,Tienda_14,1409.517660359506
17,Tienda_14,1527.7426034576488
18,Tienda_14,1528.8031858720935
19,Tienda_14,1592.768090301731
20,Tienda_14,1572.2805913402042
21,Tienda_14,1505.6228491688948
22,Tienda_14,1642.0050404181711
23,Tienda_14,1744.858386666131
24,Tienda_14,1715.930201756065
1,Tienda_15,478.6091874265677
2,Tienda_15,568.3986583866651
3,Tienda_15,612.5595185047976
4,Tienda_15,656.0821241742096
5,Tienda_15,634.4013923880992
6,Tienda_15,627.6764957260466
7,Tienda_15,768.1113219336085
8,Tienda_15,913.148971350491
9,Tienda_15,793.2608277949853
10,Tienda_15,831.1442417218401
11,Tienda_15,915.1788975126116
12,Tienda_15,924.495386838318
13,Tienda_15,946.8025589127652
14,Tienda_15,903.1029108747132
15,Tienda_15,1140.3903868161533
16,Tienda_15,1315.7163337948086
17,Tienda_15,1264.0380208869024
18,Tienda_15,1207.2195460662022
19,Tienda_15,1270.6143553254915
20,Tienda_15,1358.7172414916552
21,Tienda_15,1327.243679647414
22,Tienda_15,1390.3373714698948
23,Tienda_15,1385.4820735532169
24,Tienda_15,1552.2240298930178
1,Tienda_16,432.7147219906592
2,Tienda_16,603.3418927634295
3,Tienda_16,513.8839911415713
4,Tienda_16,606.7815862829898
5,Tienda_16,665.3722475886622
6,Tienda_16,804.6774391899316
7,Tienda_16,782.8720842140273
8,Tienda_16,805.8083562507745
9,Tienda_16,1010.4215280706968
10,Tienda_16,1118.6615906960828
11,Tienda_16,1254.8127932077637
12,Tienda_16,1184.3772077595097
13,Tienda_16,1353.6785708351683
14,Tienda_16,1236.849333029028
15,Tienda_16,1249.740010427456
16,Tienda_16,1574.8671261703994
17,Tienda_16,1711.0902814423027
18,Tienda_16,1637.0843073847905
19,Tienda_16,1838.783707499763
20,Tienda_16,2080.318150398522
21,Tienda_16,1861.7602880746683
22,Tienda_16,1976.261968577299
23,Tienda_16,1849.047927921007
24,Tienda_16,1921.6391403220405
1,Tienda_17,539.9838612858798
2,Tienda_17,578.6296771770253
3,Tienda_17,772.161264621811
4,Tienda_17,852.9518931037883
5,Tienda_17,949.6526781269284
6,Tienda_17,1117.4654485415963
7,Tienda_17,1084.5174307684078
8,Tienda_17,1223.7609521271138
9,Tienda_17,1177.6974328655158
10,Tienda_17,1592.595001232356
11,Tienda_17,1584.8142273949002
12,Tienda_17,1609.533411248266
13,Tienda_17,1663.8575238460137
14,Tienda_17,1620.9025632330918
15,Tienda_17,1991.111908294331
16,Tienda_17,2107.2648817985128
17,Tienda_17,2039.956629074682
18,Tienda_17,2177.260470812523
19,Tienda_17,2212.924382003199
20,Tienda_17,2436.3431426417296
21,Tienda_17,2528.127629806139
22,Tienda_17,2385.845720832104
23,Tienda_17,2505.4036543098327
24,Tienda_17,2939.409863066983
1,Tienda_18,869.8950255831832
2,Tienda_18,990.4993534676198
3,Tienda_18,958.3643532524612
4,Tienda_18,1023.2317295116396
5,Tienda_18,1136.902282024024
6,Tienda_18,1204.537360785193
7,Tienda_18,1396.864159037081
8,Tienda_18,1479.7936139038238
9,Tienda_18,1475.7925857950518
10,Tienda_18,1781.435757045891
11,Tienda_18,1562.6992825946245
12,Tienda_18,1668.3982498835298
13,Tienda_18,1479.900765117521
14,Tienda_18,1683.944846477806
15,Tienda_18,1870.13217131905
16,Tienda_18,1806.9555200987347
17,Tienda_18,2129.064166023752
18,Tienda_18,2403.474102381041
19,Tienda_18,2183.580504397837
20,Tienda_18,2660.453658390774
21,Tienda_18,2281.7870265604715
22,Tienda_18,2546.324164652135
23,Tienda_18,2485.251849215724
24,Tienda_18,2673.9736330081614
1,Tienda_19,715.0551961261797
2,Tienda_19,834.64074960221
3,Tienda_19,955.0697083110748
4,Tienda_19,1052.753446324109
5,Tienda_19,1099.269999151087
6,Tienda_19,1249.2231180021995
7,Tienda_19,1227.3100178302263
8,Tienda_19,1282.66101050096
9,Tienda_19,1228.9892107346511
10,Tienda_19,1483.973502901313
11,Tienda_19,1536.0981819219849
12,Tienda_19,1714.1289540656053
13,Tienda_19,1444.001516333133
14,Tienda_19,1700.5919503573234
15,Tienda_19,1888.731217819023
16,Tienda_19,1902.1123464918903
17,Tienda_19,1850.3927287694587
18,Tienda_19,2188.3894786952724
19,Tienda_19,1977.062041677417
20,Tienda_19,2072.790538828298
21,Tienda_19,2166.416691699455
22,Tienda_19,2620.596924302148
23,Tienda_19,2268.080337091574
24,Tienda_19,2324.497338670268
1,Tienda_20,291.22429697663983
2,Tienda_20,415.1519595549275
3,Tienda_20,414.70014725559065
4,Tienda_20,462.6180885242206
5,Tienda_20,561.7618208486557
6,Tienda_20,501.7717875058012
7,Tienda_20,637.4220405088031
8,Tienda_20,626.7592087339374
9,Tienda_20,684.5395763810683
10,Tienda_20,693.5966450705945
11,Tienda_20,677.6339298387885
12,Tienda_20,750.3580568065877
13,Tienda_20,780.7874367367542
14,Tienda_20,858.3400888834458
15,Tienda_20,882.8926750124424
16,Tienda_20,947.3872510860632
17,Tienda_20,1078.6386491556118
18,Tienda_20,935.5930361100948
19,Tienda_20,1089.3055027735702
20,Tienda_20,1115.8218363732697
21,Tienda_20,1153.9162812205952
22,Tienda_20,1225.755368759444
23,Tienda_20,1276.9106618208243
24,Tienda_20,1118.3425133653882
1,Tienda_21,895.9969947050147
2,Tienda_21,843.0792950232284
3,Tienda_21,1173.6042018650764
4,Tienda_21,1429.865422213251
5,Tienda_21,1325.1255940562576
6,Tienda_21,1557.6115500747387
7,Tienda_21,1779.7049522412992
8,Tienda_21,2017.6260844990531
9,Tienda_21,2546.995498918324
10,Tienda_21,2123.638302445236
11,Tienda_21,2453.7834871387204
12,Tienda_21,2579.8517855542477
13,Tienda_21,2814.5089997910354
14,Tienda_21,2805.389392565731
15,Tienda_21,2875.203791030526
16,Tienda_21,3123.602859332455
17,Tienda_21,3188.244640144627
18,Tienda_21,3278.254111918909
19,Tienda_21,3657.449736894759
20,Tienda_21,3814.915830118611
21,Tienda_21,3890.0403063706704
22,Tienda_21,4503.840091630529
23,Tienda_21,2957.7437962151484
24,Tienda_21,3729.4589166657793
1,Tienda_22,614.2812606893019
2,Tienda_22,639.0071963631794
3,Tienda_22,748.4049798801815
4,Tienda_22,811.188776477615
5,Tienda_22,990.8565496312935
6,Tienda_22,816.1073252091485
7,Tienda_22,949.4811807396288
8,Tienda_22,1023.7859235211238
9,Tienda_22,1054.0999050179887
10,Tienda_22,1229.3886782814077
11,Tienda_22,1317.8389660833218
12,Tienda_22,1431.598774271378
13,Tienda_22,1365.824359624159
14,Tienda_22,1419.1823367740758
15,Tienda_22,1542.5354253926123
16,Tienda_22,1578.0226129644373
17,Tienda_22,1604.2764400413646
18,Tienda_22,1756.8011249941335
19,Tienda_22,1691.531525731721
20,Tienda_22,1657.1178102366182
21,Tienda_22,1748.2228444908544
22,Tienda_22,1429.9133387548134
23,Tienda_22,1840.506853914949
24,Tienda_22,2118.6223757320063
1,Tienda_23,363.0039277394664
2,Tienda_23,365.6490203545982
3,Tienda_23,369.8279909843252
4,Tienda_23,445.7604164060372
5,Tienda_23,434.478975940158
6,Tienda_23,466.6257381599873
7,Tienda_23,533.776554981571
8,Tienda_23,601.2367824247352
9,Tienda_23,662.1476871035974
10,Tienda_23,741.7193221189724
11,Tienda_23,711.532819788634
12,Tienda_23,752.3959284765272
13,Tienda_23,688.4364099857983
14,Tienda_23,822.9570745117036
15,Tienda_23,782.6686420220769
16,Tienda_23,770.9099127941519
17,Tienda_23,808.8370530142162
18,Tienda_23,977.9437298825436
19,Tienda_23,1164.136753295393
20,Tienda_23,990.6100896525196
21,Tienda_23,1024.6886390788532
22,Tienda_23,1008.2982883346472
23,Tienda_23,920.8161190983276
24,Tienda_23,1238.12851362234
1,Tienda_24,233.6713628054817
2,Tienda_24,272.66628384022096
3,Tienda_24,305.0468616032959
4,Tienda_24,315.58713341520433
5,Tienda_24,344.7999995498759
6,Tienda_24,336.5110241940893
7,Tienda_24,367.8292221960512
8,Tienda_24,349.44382929210275
9,Tienda_24,393.8339088198597
10,Tienda_24,378.3853425575896
11,Tienda_24,407.83496374968286
12,Tienda_24,469.8222711519652
13,Tienda_24,429.8817135570504
14,Tienda_24,496.5027045125746
15,Tienda_24,483.9197486590123
16,Tienda_24,503.0843511115005
17,Tienda_24,500.6332675172876
18,Tienda_24,522.2411691196135
19,Tienda_24,539.631680505133
20,Tienda_24,584.6285885716652
21,Tienda_24,557.7589209441538
22,Tienda_24,560.5096002497786
23,Tienda_24,588.3354149392842
24,Tienda_24,597.5722951296597
1,Tienda_25,409.9750876228968
2,Tienda_25,654.3442879335695
3,Tienda_25,662.5333005309072
4,Tienda_25,746.4290178756546
5,Tienda_25,825.6101965870849
6,Tienda_25,800.1412163829772
7,Tienda_25,947.0317720306168
8,Tienda_25,1198.6139981373194
9,Tienda_25,1113.9763551741396
10,Tienda_25,1087.0882075772763
11,Tienda_25,1243.958012663642
12,Tienda_25,1561.159027923032
13,Tienda_25,1638.1731559485338
14,Tienda_25,1694.3079411542255
15,Tienda_25,1725.6962060579829
16,Tienda_25,1692.7510044481012
17,Tienda_25,1851.128460400107
18,Tienda_25,1944.8030519029485
19,Tienda_25,1927.2244078329416
20,Tienda_25,2228.162457534251
21,Tienda_25,2259.457310207127
22,Tienda_25,2336.5577640766155
23,Tienda_25,2220.727583642976
24,Tienda_25,2453.94630928292
1,Tienda_26,668.2253007592217
2,Tienda_26,918.5515503260392
3,Tienda_26,1153.2230061444168
4,Tienda_26,1049.9114745976474
5,Tienda_26,1262.2709718133883
6,Tienda_26,1331.7069097359006
7,Tienda_26,1639.7055921667957
8,Tienda_26,1717.1694578071515
9,Tienda_26,2217.464433698063
10,Tienda_26,2239.726646247112
11,Tienda_26,2312.6453639974325
12,Tienda_26,2776.2466436348823
13,Tienda_26,2867.4416081538443
14,Tienda_26,2872.293814523339
15,Tienda_26,3090.553812947572
16,Tienda_26,2732.726536528336
17,Tienda_26,3074.652530960857
18,Tienda_26,3047.042659437096
19,Tienda_26,3278.320794850405
20,Tienda_26,2594.41371875263
21,Tienda_26,4076.84805440875
22,Tienda_26,3770.022977013747
23,Tienda_26,4168.061950364133
24,Tienda_26,4153.555535591204
1,Tienda_27,366.4923495200964
2,Tienda_27,431.14832415603456
3,Tienda_27,415.725321379384
4,Tienda_27,500.84828585203655
5,Tienda_27,466.01532215884487
6,Tienda_27,486.07141022736425
7,Tienda_27,546.0842953670257
8,Tienda_27,559.7274009336888
9,Tienda_27,634.7421608620355
10,Tienda_27,619.9558892459055
11,Tienda_27,669.6643568735606
12,Tienda_27,662.3751299334143
13,Tienda_27,686.0542000004916
14,Tienda_27,736.4044723292577
15,Tienda_27,769.7977296884242
16,Tienda_27,811.290866965682
17,Tienda_27,829.5740011748773
18,Tienda_27,779.9054405890496
19,Tienda_27,879.6515071341728
20,Tienda_27,894.5512226728013
21,Tienda_27,867.2955074371254
22,Tienda_27,941.3518358714806
23,Tienda_27,961.7911005394864
24,Tienda_27,1023.750493936612
1,Tienda_28,446.4387111347326
2,Tienda_28,427.5358374198897
3,Tienda_28,463.4942741784293
4,Tienda_28,547.8349906655916
5,Tienda_28,579.3138799183707
6,Tienda_28,666.3296717992547
7,Tienda_28,696.6357926221503
8,Tienda_28,745.0869169706817
9,Tienda_28,873.0133177558481
10,Tienda_28,884.9643733646095
11,Tienda_28,799.3452879495065
12,Tienda_28,1064.0881908447216
13,Tienda_28,1122.5370076060738
14,Tienda_28,905.1678556497496
15,Tienda_28,1120.7944156043152
16,Tienda_28,1208.6279845650815
17,Tienda_28,1276.4141162154708
18,Tienda_28,1040.1732367750822
19,Tienda_28,1243.8691379272937
20,Tienda_28,1265.9629214799568
21,Tienda_28,1340.7077424968545
22,Tienda_28,1294.0882018390262
23,Tienda_28,1185.911787562848
24,Tienda_28,1393.81362528114
1,Tienda_29,632.2304514075549
2,Tienda_29,766.1464894940387
3,Tienda_29,844.3988435170731
4,Tienda_29,896.8359248090655
5,Tienda_29,932.1538455151034
6,Tienda_29,1096.8578608459795
7,Tienda_29,1129.0198097064383
8,Tienda_29,1097.9077521437323
9,Tienda_29,1384.2168728034735
10,Tienda_29,1353.9209907642232
11,Tienda_29,1552.7565596034208
12,Tienda_29,1432.3767344669634
13,Tienda_29,1791.3878233285895
14,Tienda_29,1589.7358907599858
15,Tienda_29,1624.7524622868054
16,Tienda_29,1887.1057945688488
17,Tienda_29,1719.077426150155
18,Tienda_29,1954.046519372434
19,Tienda_29,2201.264489061691
20,Tienda_29,1887.551705591745
21,Tienda_29,2593.4975469797355
22,Tienda_29,2369.0135787390477
23,Tienda_29,2181.699887922105
24,Tienda_29,2101.6838690546138
1,Tienda_30,906.0710855717924
2,Tienda_30,1009.6952127523969
3,Tienda_30,1280.2343908062016
4,Tienda_30,1385.082270230046
5,Tienda_30,1731.080666903993
6,Tienda_30,1947.563310203009
7,Tienda_30,1730.111153756824
8,Tienda_30,2055.120533078278
9,Tienda_30,2064.818868261022
10,Tienda_30,2523.865656659344
11,Tienda_30,2532.750563524386
12,Tienda_30,2584.21678346134
13,Tienda_30,2664.724726828206
14,Tienda_30,3016.995161105656
15,Tienda_30,2871.9887918929567
16,Tienda_30,3454.655162365704
17,Tienda_30,3535.490504254049
18,Tienda_30,2961.573402353262
19,Tienda_30,3658.195722745767
20,Tienda_30,4417.686196450963
21,Tienda_30,3802.240152961913
22,Tienda_30,4669.694081680662
23,Tienda_30,4082.234986659617
24,Tienda_30,4815.512940318925
1,Tienda_31,749.4838476074465
2,Tienda_31,942.6794647237948
3,Tienda_31,1042.3546155585277
4,Tienda_31,1109.8846407010742
5,Tienda_31,1296.066304543193
6,Tienda_31,1406.1844271354548
7,Tienda_31,1671.0190660590608
8,Tienda_31,1378.0474020667073
9,Tienda_31,1602.9591438574696
10,Tienda_31,1886.234935107405
11,Tienda_31,2144.700568308532
12,Tienda_31,2378.433177804854
13,Tienda_31,2670.3579189281363
14,Tienda_31,2148.8417322600585
15,Tienda_31,3058.451623348905
16,Tienda_31,2452.89999489716
17,Tienda_31,2844.986951180251
18,Tienda_31,3265.4380415258283
19,Tienda_31,3881.227056954204
20,Tienda_31,3244.4236298796
21,Tienda_31,3414.311787774928
22,Tienda_31,3718.130510878008
23,Tienda_31,4001.1228819132334
24,Tienda_31,3622.032036770558
1,Tienda_32,468.4492245370051
2,Tienda_32,415.6447991851968
3,Tienda_32,594.5179959698303
4,Tienda_32,655.1749277308628
5,Tienda_32,723.5298649347704
6,Tienda_32,911.3880215193664
7,Tienda_32,887.6640338834744
8,Tienda_32,931.6709459141028
9,Tienda_32,1124.972074065145
10,Tienda_32,1234.6363105345554
11,Tienda_32,1179.9903845859578
12,Tienda_32,1239.3352698342396
13,Tienda_32,1191.0504581040736
14,Tienda_32,1399.0236047753276
15,Tienda_32,1554.2222725920358
16,Tienda_32,1530.9932134815897
17,Tienda_32,1371.358049568712
18,Tienda_32,1544.6846955962178
19,Tienda_32,1524.5179616628366
20,Tienda_32,1945.6702413259893
21,Tienda_32,1970.5417266088955
22,Tienda_32,1715.4227523361906
23,Tienda_32,2306.0376361723534
24,Tienda_32,2195.444806415688
1,Tienda_33,189.24040425578755
2,Tienda_33,193.2229260883865
3,Tienda_33,257.25202156537625
4,Tienda_33,320.4995027611188
5,Tienda_33,342.8399144786138
6,Tienda_33,269.19002300075937
7,Tienda_33,377.63567415248
8,Tienda_33,429.43416822106553
9,Tienda_33,415.61312789958254
10,Tienda_33,462.8197567773461
11,Tienda_33,551.8584554589992
12,Tienda_33,633.066348993566
13,Tienda_33,636.6764750199626
14,Tienda_33,716.6656115427917
15,Tienda_33,649.4608025915901
16,Tienda_33,695.59448161989
17,Tienda_33,602.0221928081119
18,Tienda_33,780.9786707001535
19,Tienda_33,817.1114229968048
20,Tienda_33,845.9235212999031
21,Tienda_33,834.0223107428008
22,Tienda_33,836.8973844223775
23,Tienda_33,919.0006136600524
24,Tienda_33,1064.353156398891
1,Tienda_34,941.8503812320564
2,Tienda_34,1078.9510356562082
3,Tienda_34,1205.7487558137675
4,Tienda_34,1169.415644017061
5,Tienda_34,1287.5515866485966
6,Tienda_34,1361.2413301334925
7,Tienda_34,1289.904077944249
8,Tienda_34,1556.8965066991784
9,Tienda_34,1671.6456002078935
10,Tienda_34,1795.9208767251623
11,Tienda_34,1579.8551414331234
12,Tienda_34,1738.4942047883226
13,Tienda_34,1824.789162928833
14,Tienda_34,1895.2635211607624
15,Tienda_34,1830.0434515656868
16,Tienda_34,1855.3141916203108
17,Tienda_34,2047.973462153611
18,Tienda_34,2048.695827280946
19,Tienda_34,2228.1912125039
20,Tienda_34,2231.576162641081
21,Tienda_34,2356.081203349514
22,Tienda_34,2566.9734191632765
23,Tienda_34,2430.1795411636845
24,Tienda_34,2554.455838034697
1,Tienda_35,1941.1419068793364
2,Tienda_35,1998.0612927121008
3,Tienda_35,2365.9438536020534
4,Tienda_35,2292.281700035323
5,Tienda_35,2217.7840109522235
6,Tienda_35,2502.3246331581995
7,Tienda_35,2633.179051210481
8,Tienda_35,2587.7238549819244
9,Tienda_35,2743.6908475333867
10,Tienda_35,3040.318943906421
11,Tienda_35,3612.5943613058103
12,Tienda_35,3552.57505044999
13,Tienda_35,3458.3610058795502
14,Tienda_35,3486.484207942542
15,Tienda_35,3483.6430802400023
16,Tienda_35,4078.814569944826
17,Tienda_35,3983.673031706796
18,Tienda_35,3959.6028031892206
19,Tienda_35,4259.248575936306
20,Tienda_35,4396.576544829198
21,Tienda_35,4854.154383536844
22,Tienda_35,4496.113879784747
23,Tienda_35,4385.853754284414
24,Tienda_35,5023.9046932411
1,Tienda_36,583.1890127522678
2,Tienda_36,662.4868500871271
3,Tienda_36,808.0552044395092
4,Tienda_36,838.7480230787739
5,Tienda_36,813.0424651288544
6,Tienda_36,946.9830183129408
7,Tienda_36,916.3567909465186
8,Tienda_36,1059.9827643076133
9,Tienda_36,1060.6427995147717
10,Tienda_36,1129.807099128359
11,Tienda_36,1148.8663945636251
12,Tienda_36,1153.7689771146063
13,Tienda_36,1344.5135361272016
14,Tienda_36,1474.466832666729
15,Tienda_36,1576.281539779116
16,Tienda_36,1892.997382379571
17,Tienda_36,1439.8957297230352
18,Tienda_36,1481.6397704800045
19,Tienda_36,1619.407549885317
20,Tienda_36,1742.3635043461557
21,Tienda_36,1708.6549597647356
22,Tienda_36,1818.1121399949525
23,Tienda_36,2039.379150805444
24,Tienda_36,2185.2360133200264
1,Tienda_37,736.7191217740653
2,Tienda_37,820.9697550312102
3,Tienda_37,876.8752102763443
4,Tienda_37,887.4172989255802
5,Tienda_37,1039.8900341692593
6,Tienda_37,988.9060533479758
7,Tienda_37,1081.3073755498403
8,Tienda_37,1210.5507163028874
9,Tienda_37,1373.7151072744814
10,Tienda_37,1307.9576880215216
11,Tienda_37,1276.6492921134784
12,Tienda_37,1738.8377347367984
13,Tienda_37,1665.8710736506907
14,Tienda_37,1721.4429079955253
15,Tienda_37,1663.0475028962787
16,Tienda_37,2000.361803350039
17,Tienda_37,2054.007035525725
18,Tienda_37,2000.742244666754
19,Tienda_37,2058.204729991514
20,Tienda_37,2268.1877772406924
21,Tienda_37,2338.61930328375
22,Tienda_37,2279.8010286797694
23,Tienda_37,2202.525928326611
24,Tienda_37,2226.0026393840453
1,Tienda_38,504.4064997821445
2,Tienda_38,507.7733045924032
3,Tienda_38,538.7785633684784
4,Tienda_38,535.9742659090625
5,Tienda_38,631.9125025097983
6,Tienda_38,647.5712029716849
7,Tienda_38,651.4190631088894
8,Tienda_38,594.1112900020578
9,Tienda_38,752.3999073593765
10,Tienda_38,696.2925481357872
11,Tienda_38,765.6561171029834
12,Tienda_38,748.1199198496489
13,Tienda_38,803.3740339955177
14,Tienda_38,817.6340052315896
15,Tienda_38,879.1660175024659
16,Tienda_38,889.7266706334929
17,Tienda_38,1023.382612168828
18,Tienda_38,1082.6668666162009
19,Tienda_38,960.0140175928389
20,Tienda_38,1064.164134430339
21,Tienda_38,1163.7782964211976
22,Tienda_38,1100.8205352331688
23,Tienda_38,1200.87380678073
24,Tienda_38,1102.7962984229416
1,Tienda_39,486.166549048576
2,Tienda_39,533.9595703736077
3,Tienda_39,611.0711423111993
4,Tienda_39,694.7522768014117
5,Tienda_39,670.0481829456471
6,Tienda_39,767.0208640335715
7,Tienda_39,733.7396630529252
8,Tienda_39,745.0843560164855
9,Tienda_39,917.2504265200532
10,Tienda_39,841.7711020132972
11,Tienda_39,975.1335984699436
12,Tienda_39,1056.5113435358628
13,Tienda_39,1152.7279378010485
14,Tienda_39,1056.0711359274455
15,Tienda_39,1245.6471924727791
16,Tienda_39,1335.819068887707
17,Tienda_39,1291.6823345571318
18,Tienda_39,1502.787358673074
19,Tienda_39,1173.0200462863563
20,Tienda_39,1346.8113625982423
21,Tienda_39,1489.8789446891394
22,Tienda_39,1500.3289132113478
23,Tienda_39,1526.540303556577
24,Tienda_39,1785.4526438214382
1,Tienda_40,801.032803998015
2,Tienda_40,898.1886982259608
3,Tienda_40,835.6012264671417
4,Tienda_40,1028.7247947884216
5,Tienda_40,937.9995614479363
6,Tienda_40,1096.414458459821
7,Tienda_40,1195.6070548093378
8,Tienda_40,1300.3577920631096
9,Tienda_40,1334.114461974516
10,Tienda_40,1523.6252252133222
11,Tienda_40,1613.457934792079
12,Tienda_40,1578.2316709194824
13,Tienda_40,1513.910814256812
14,Tienda_40,1594.922930824056
15,Tienda_40,1735.0636587696736
16,Tienda_40,2011.2301514821045
17,Tienda_40,1943.7458633954263
18,Tienda_40,1880.640900001653
19,Tienda_40,2355.378566763271
20,Tienda_40,2189.494279334522
21,Tienda_40,2047.2697729403287
22,Tienda_40,2654.126388965109
23,Tienda_40,2308.632365365396
24,Tienda_40,2827.044073858646
1,Tienda_41,2653.37269727676
2,Tienda_41,2996.263371803516
3,Tienda_41,3118.1584786945778
4,Tienda_41,3273.0758481944345
5,Tienda_41,3116.1792549774
6,Tienda_41,3289.692970771617
7,Tienda_41,3957.943238172114
8,Tienda_41,3708.409877786792
9,Tienda_41,4047.336362072184
10,Tienda_41,4052.293663785053
11,Tienda_41,4684.041617357356
12,Tienda_41,4686.912200590098
13,Tienda_41,4294.644415851669
14,Tienda_41,4974.031233574651
15,Tienda_41,5042.024689083593
16,Tienda_41,5217.308102609593
17,Tienda_41,5049.002860857206
18,Tienda_41,5692.426954712605
19,Tienda_41,5879.864754757809
20,Tienda_41,6088.276693685299
21,Tienda_41,5714.00818229396
22,Tienda_41,5296.241432434997
23,Tienda_41,6758.725359647156
24,Tienda_41,6778.570893880416
1,Tienda_42,819.7082409586953
2,Tienda_42,718.1180633912181
3,Tienda_42,916.395912373324
4,Tienda_42,911.66741221621
5,Tienda_42,1089.470234160158
6,Tienda_42,1097.3241789413685
7,Tienda_42,1208.4427656264538
8,Tienda_42,1070.718668823857
9,Tienda_42,1102.8779582455
10,Tienda_42,1277.4694206070058
11,Tienda_42,1314.2365877133675
12,Tienda_42,1581.8644304674465
13,Tienda_42,1383.522711681508
14,Tienda_42,1940.696110324222
15,Tienda_42,1824.478558814648
16,Tienda_42,1725.793149534747
17,Tienda_42,1702.7009382841666
18,Tienda_42,2069.255139466241
19,Tienda_42,2101.030659074939
20,Tienda_42,2048.204620486326
21,Tienda_42,1949.990001127136
22,Tienda_42,2213.9314602946024
23,Tienda_42,1864.6689385244797
24,Tienda_42,2284.732618447337
1,Tienda_43,3201.31771802722
2,Tienda_43,3367.398209078044
3,Tienda_43,3828.2153241841943
4,Tienda_43,4214.76395268096
5,Tienda_43,4299.772440940952
6,Tienda_43,5714.049965147138
7,Tienda_43,5053.402921646606
8,Tienda_43,5225.5967812404815
9,Tienda_43,6323.487973930833
10,Tienda_43,5953.640836161327
11,Tienda_43,6146.058479824452
12,Tienda_43,7566.506854567925
13,Tienda_43,7689.174081421119
14,Tienda_43,6962.183285240184
15,Tienda_43,8759.879535179547
16,Tienda_43,8394.749353317467
17,Tienda_43,8171.090939763631
18,Tienda_43,8289.595187440955
19,Tienda_43,10329.597311920928
20,Tienda_43,9807.18323884844
21,Tienda_43,10946.008965507364
22,Tienda_43,10619.356429318195
23,Tienda_43,10667.115584091916
24,Tienda_43,10500.0
1,Tienda_44,1853.4661451164072
2,Tienda_44,2105.2396047309985
3,Tienda_44,2173.6447279201434
4,Tienda_44,2410.6932156849416
5,Tienda_44,2400.3227811317856
6,Tienda_44,2666.20810563995
7,Tienda_44,3202.358198356035
8,Tienda_44,3076.420033729513
9,Tienda_44,3586.127378346362
10,Tienda_44,3495.6913973017745
11,Tienda_44,3816.0692927663295
12,Tienda_44,3864.65922243983
13,Tienda_44,3897.645266987402
14,Tienda_44,4391.961925421817
15,Tienda_44,4517.756418387166
16,Tienda_44,5384.832443210684
17,Tienda_44,4711.238824135888
18,Tienda_44,3869.969535805623
19,Tienda_44,5693.70176831533
20,Tienda_44,5737.380046992791
21,Tienda_44,6602.165586304531
22,Tienda_44,6246.966708824592
23,Tienda_44,6034.673707128838
24,Tienda_44,5308.33276669388
1,Tienda_45,306.72564449463715
2,Tienda_45,375.033967731288
3,Tienda_45,352.546297325872
4,Tienda_45,442.7861351721437
5,Tienda_45,498.9013980863946
6,Tienda_45,497.76244603549816
7,Tienda_45,491.9789697279046
8,Tienda_45,517.8458876078925
9,Tienda_45,600.9895852839882
10,Tienda_45,674.5842353468814
11,Tienda_45,716.6722373670463
12,Tienda_45,680.9975825238624
13,Tienda_45,784.1402877185237
14,Tienda_45,720.0401810635915
15,Tienda_45,734.2364818003398
16,Tienda_45,778.6347383716089
17,Tienda_45,775.7888697808528
18,Tienda_45,824.3118768465113
19,Tienda_45,848.7619315359342
20,Tienda_45,893.5002831138437
21,Tienda_45,903.7782467314792
22,Tienda_45,1043.168236716572
23,Tienda_45,1064.6953595450468
24,Tienda_45,1024.9314983298889
1,Tienda_46,524.5494492470883
2,Tienda_46,533.6826205531665
3,Tienda_46,499.2281736385922
4,Tienda_46,684.607451623844
5,Tienda_46,633.5512331955371
6,Tienda_46,783.0572487332121
7,Tienda_46,745.2936246769242
8,Tienda_46,835.0542042847401
9,Tienda_46,899.9956055192584
10,Tienda_46,950.9010707323588
11,Tienda_46,1021.364179606065
12,Tienda_46,1029.91481361119
13,Tienda_46,1054.5732895303915
14,Tienda_46,1211.5162197349114
15,Tienda_46,1298.5113348932573
16,Tienda_46,1169.7771624266718
17,Tienda_46,1192.1328900497303
18,Tienda_46,1181.3586024516674
19,Tienda_46,1514.091536700655
20,Tienda_46,1475.0757598435855
21,Tienda_46,1429.939908694411
22,Tienda_46,1470.620022183468
23,Tienda_46,1572.864513649602
24,Tienda_46,1536.255517141449
1,Tienda_47,810.5172462371354
2,Tienda_47,768.151837904363
3,Tienda_47,831.2639488403742
4,Tienda_47,861.7574658138169
5,Tienda_47,881.5299664303925
6,Tienda_47,898.5333263797859
7,Tienda_47,973.317445682166
8,Tienda_47,1016.2260940061732
9,Tienda_47,1130.664308066742
10,Tienda_47,1113.129168560721
11,Tienda_47,1192.527405722036
12,Tienda_47,1267.7220353283742
13,Tienda_47,1264.357643772242
14,Tienda_47,1347.350306668823
15,Tienda_47,1329.2080438822895
16,Tienda_47,1562.5164688107343
17,Tienda_47,1405.3329792240818
18,Tienda_47,1417.8302441382089
19,Tienda_47,1595.1546232385738
20,Tienda_47,1617.3364187932093
21,Tienda_47,1596.8495909395906
22,Tienda_47,1915.3906574502005
23,Tienda_47,1764.116298737224
24,Tienda_47,1760.644971183139
1,Tienda_48,1061.0086125124308
2,Tienda_48,1272.1494529953152
3,Tienda_48,1413.4822669485247
4,Tienda_48,1448.5631637549277
5,Tienda_48,1457.7303398724853
6,Tienda_48,1596.33380400518
7,Tienda_48,1440.6485143950824
8,Tienda_48,1739.740721674346
9,Tienda_48,1787.136684805082
10,Tienda_48,1916.9561016560297
11,Tienda_48,2043.5689277594036
12,Tienda_48,2197.1567041785565
13,Tienda_48,2293.6133731584405
14,Tienda_48,2062.3933297244
15,Tienda_48,2281.643758065119
16,Tienda_48,2433.177733519109
17,Tienda_48,2183.163005499005
18,Tienda_48,2549.499331904147
19,Tienda_48,2654.9772715105964
20,Tienda_48,2499.964470437454
21,Tienda_48,2722.422040645442
22,Tienda_48,2827.472034851042
23,Tienda_48,2746.220406453968
24,Tienda_48,3056.225122709657
1,Tienda_49,1559.9840577069672
2,Tienda_49,1707.3164611748623
3,Tienda_49,1752.4811546082103
4,Tienda_49,1974.541281479343
5,Tienda_49,1889.2281635874724
6,Tienda_49,1972.4440944249711
7,Tienda_49,2333.2954425956505
8,Tienda_49,2881.8542525292423
9,Tienda_49,2734.164939969897
10,Tienda_49,2737.9299320779955
11,Tienda_49,2664.916347395957
12,Tienda_49,2935.203922110118
13,Tienda_49,3359.1579940427023
14,Tienda_49,3979.572058949564
15,Tienda_49,3236.866122717646
16,Tienda_49,4261.267982762266
17,Tienda_49,4528.974895686184
18,Tienda_49,4615.46882372676
19,Tienda_49,4798.535514253344
20,Tienda_49,4536.8465988400485
21,Tienda_49,4418.835728262787
22,Tienda_49,5195.683258364949
23,Tienda_49,4739.858485858049
24,Tienda_49,4387.0281037522245
1,Tienda_50,324.81363436231754
2,Tienda_50,379.2667261756872
3,Tienda_50,458.2941033474512
4,Tienda_50,410.8389467711172
5,Tienda_50,539.482001031757
6,Tienda_50,425.0124012106812
7,Tienda_50,577.565934510839
8,Tienda_50,436.6193118005549
9,Tienda_50,622.7978979334737
10,Tienda_50,648.3314827055978
11,Tienda_50,605.6889306798657
12,Tienda_50,715.7827433512066
13,Tienda_50,734.2585116567394
14,Tienda_50,688.0917558897047
15,Tienda_50,770.9954139926426
16,Tienda_50,901.15285176024
17,Tienda_50,980.1838300984632
18,Tienda_50,949.5348588394182
19,Tienda_50,900.7314436606244
20,Tienda_50,1041.2241412122655
21,Tienda_50,1034.742467088525
22,Tienda_50,984.7406155374445
23,Tienda_50,1143.216875744154
24,Tienda_50,1199.2558416047225
1,Tienda_51,802.4689568890808
2,Tienda_51,749.8693022625043
3,Tienda_51,935.3318150333928
4,Tienda_51,1073.2141566010869
5,Tienda_51,1037.4389441136866
6,Tienda_51,1135.864163223024
7,Tienda_51,1304.8215910216811
8,Tienda_51,1236.2032456246525
9,Tienda_51,1390.2430609685157
10,Tienda_51,1406.3738311786526
11,Tienda_51,1556.649448095245
12,Tienda_51,1348.069071862496
13,Tienda_51,1670.9712846786913
14,Tienda_51,1663.982257458891
15,Tienda_51,1785.3150812827844
16,Tienda_51,1892.2049820084603
17,Tienda_51,1847.159126127866
18,Tienda_51,1976.2772639984253
19,Tienda_51,2017.2121112670525
20,Tienda_51,2085.650511772698
21,Tienda_51,2451.1611681986915
22,Tienda_51,2325.669374345535
23,Tienda_51,2507.191266603956
24,Tienda_51,2290.513686327716
1,Tienda_52,558.4195194076391
2,Tienda_52,642.1790814869745
3,Tienda_52,692.043384138921
4,Tienda_52,851.5064853233854
5,Tienda_52,846.8623291835748
6,Tienda_52,1000.5912025845042
7,Tienda_52,946.0009546783056
8,Tienda_52,1124.5124293284116
9,Tienda_52,1000.8763617158892
10,Tienda_52,1008.2531712216112
11,Tienda_52,1236.2727197766858
12,Tienda_52,1281.9475323181075
13,Tienda_52,1505.797940507182
14,Tienda_52,1498.4595796518586
15,Tienda_52,1702.2036523370436
16,Tienda_52,1497.1595566213348
17,Tienda_52,1484.5953984624352
18,Tienda_52,1451.498483393787
19,Tienda_52,1683.9877362698546
20,Tienda_52,1748.1418453381275
21,Tienda_52,1568.2714653126393
22,Tienda_52,2023.5438414411149
23,Tienda_52,2142.575857474757
24,Tienda_52,1717.440603011766
1,Tienda_53,1156.035487716678
2,Tienda_53,1330.4202309179034
3,Tienda_53,1419.5880089107193
4,Tienda_53,1519.0340521531673
5,Tienda_53,1678.580401701764
6,Tienda_53,1855.275292784047
7,Tienda_53,1906.9994172041304
8,Tienda_53,2287.3722300718578
9,Tienda_53,2355.4165818503984
10,Tienda_53,2371.3849902880647
11,Tienda_53,2946.386824783027
12,Tienda_53,2721.202798838309
13,Tienda_53,2390.4295322579646
14,Tienda_53,2729.0421820284005
15,Tienda_53,3214.597479637372
16,Tienda_53,3058.06286934495
17,Tienda_53,3255.0774283583983
18,Tienda_53,3427.10359737268
19,Tienda_53,3458.836267344086
20,Tienda_53,4185.135348801994
21,Tienda_53,3831.435167512492
22,Tienda_53,3550.172268470303
23,Tienda_53,3843.736551887648
24,Tienda_53,4127.557903521167
1,Tienda_54,1323.2335528540934
2,Tienda_54,1268.648273544547
3,Tienda_54,1411.1549984251708
4,Tienda_54,1502.4881100669008
5,Tienda_54,1618.8910815635134
6,Tienda_54,1792.281648619929
7,Tienda_54,1796.1129784610832
8,Tienda_54,1786.1166418618247
9,Tienda_54,2045.2152961195704
10,Tienda_54,1963.4854709073427
11,Tienda_54,2288.613693502837
12,Tienda_54,2270.846226358072
13,Tienda_54,2242.175787555846
14,Tienda_54,2232.39887122843
15,Tienda_54,2484.038485621693
16,Tienda_54,2515.999254907608
17,Tienda_54,2591.24508035542
18,Tienda_54,2885.7662637595813
19,Tienda_54,2695.559470425137
20,Tienda_54,2958.2922950510874
21,Tienda_54,3101.8493693265973
22,Tienda_54,2826.838118609164
23,Tienda_54,2968.6407736377737
24,Tienda_54,2974.9259425763303
1,Tienda_55,107.41395424168056
2,Tienda_55,170.35427815274858
3,Tienda_55,152.2133720963503
4,Tienda_55,188.05541183315813
5,Tienda_55,222.75897227651947
6,Tienda_55,213.92020396490423
7,Tienda_55,329.9549847647549
8,Tienda_55,278.1674266807865
9,Tienda_55,225.86538452418063
10,Tienda_55,336.7040478033986
11,Tienda_55,368.4074465672116
12,Tienda_55,412.6246778445508
13,Tienda_55,327.504487251392
14,Tienda_55,390.5574178824556
15,Tienda_55,399.876438260479
16,Tienda_55,468.7649017333403
17,Tienda_55,496.64236091807214
18,Tienda_55,471.6080251865323
19,Tienda_55,526.9164518373431
20,Tienda_55,577.6233820488775
21,Tienda_55,593.8990782294762
22,Tienda_55,448.47339896848126
23,Tienda_55,557.5762965373209
24,Tienda_55,739.5432225088589
1,Tienda_56,453.442613976379
2,Tienda_56,509.4209220607365
3,Tienda_56,555.4409891581053
4,Tienda_56,627.6057215476274
5,Tienda_56,651.5108872321036
6,Tienda_56,595.5556044738581
7,Tienda_56,748.2319736312417
8,Tienda_56,846.2558994652795
9,Tienda_56,849.3470606518506
10,Tienda_56,844.541716937793
11,Tienda_56,914.1223684966714
12,Tienda_56,913.758708621214
13,Tienda_56,1160.7358384931797
14,Tienda_56,1081.6647230714032
15,Tienda_56,1064.9523762922563
16,Tienda_56,1052.1376658358804
17,Tienda_56,1306.359908563184
18,Tienda_56,1252.5019809922317
19,Tienda_56,1134.7961179223012
20,Tienda_56,1440.832577011725
21,Tienda_56,1293.3203198739702
22,Tienda_56,1637.696784237367
23,Tienda_56,1381.5554533854124
24,Tienda_56,1666.0642684311078
1,Tienda_57,354.5790826137427
2,Tienda_57,480.6551549511677
3,Tienda_57,430.2375046994697
4,Tienda_57,458.30455027393447
5,Tienda_57,609.1404230537153
6,Tienda_57,669.6760497723865
7,Tienda_57,748.4985331845014
8,Tienda_57,861.5048654770727
9,Tienda_57,717.9157483405921
10,Tienda_57,908.035372353678
11,Tienda_57,1062.6566386476534
12,Tienda_57,855.8316497645893
13,Tienda_57,1310.7254790421632
14,Tienda_57,1105.6934045725757
15,Tienda_57,1272.477836292642
16,Tienda_57,1023.578494872361
17,Tienda_57,1166.9447567078537
18,Tienda_57,1560.1815880045542
19,Tienda_57,1346.8670818887597
20,Tienda_57,1721.9732984020902
21,Tienda_57,1482.1777855857142
22,Tienda_57,1734.611340803944
23,Tienda_57,1700.0680400432807
24,Tienda_57,1679.5218280899971
1,Tienda_58,667.1620333936623
2,Tienda_58,740.8613049389169
3,Tienda_58,790.7522311165917
4,Tienda_58,892.2780527844382
5,Tienda_58,991.9541746033174
6,Tienda_58,992.660080879151
7,Tienda_58,1046.143422708883
8,Tienda_58,1117.4074617458
9,Tienda_58,1472.684561168253
10,Tienda_58,1288.7057464148238
11,Tienda_58,1137.037604742043
12,Tienda_58,1533.1096662755317
13,Tienda_58,1659.930730582082
14,Tienda_58,1724.5530623114803
15,Tienda_58,1754.599886158085
16,Tienda_58,1990.909156958677
17,Tienda_58,1940.3396536342068
18,Tienda_58,1854.885163778884
19,Tienda_58,1841.063736683864
20,Tienda_58,2120.534205702308
21,Tienda_58,2208.5094468518587
22,Tienda_58,1919.0508357471097
23,Tienda_58,2000.60257899412
24,Tienda_58,2325.832292781343
1,Tienda_59,952.32035228924
2,Tienda_59,1107.4929201690206
3,Tienda_59,1121.3276089511123
4,Tienda_59,1336.8291975405343
5,Tienda_59,1267.8146719267736
6,Tienda_59,1395.537968197348
7,Tienda_59,1484.4037255689304
8,Tienda_59,1567.002357787661
9,Tienda_59,1630.7563551139876
10,Tienda_59,1805.878026847595
11,Tienda_59,1895.5163942946904
12,Tienda_59,1981.4573284802188
13,Tienda_59,1979.3710985783664
14,Tienda_59,1960.915345987012
15,Tienda_59,2240.764858682663
16,Tienda_59,2233.716977989688
17,Tienda_59,2342.143485421983
18,Tienda_59,2932.753573450897
19,Tienda_59,2692.2249985215044
20,Tienda_59,2877.4473732479955
21,Tienda_59,2673.5954239849107
22,Tienda_59,2664.968274929348
23,Tienda_59,2837.9500592481863
24,Tienda_59,3151.5068625580657
1,Tienda_60,582.4868129229772
2,Tienda_60,715.9611041768204
3,Tienda_60,816.408244362584
4,Tienda_60,1015.7834412521664
5,Tienda_60,864.0921357457979
6,Tienda_60,1090.4406423611756
7,Tienda_60,1132.3255258975923
8,Tienda_60,1205.2848921792458
9,Tienda_60,1337.243408273128
10,Tienda_60,1377.3340425647716
11,Tienda_60,1279.347468927444
12,Tienda_60,1461.1408652851894
13,Tienda_60,1645.4245172681983
14,Tienda_60,1493.5291830113435
15,Tienda_60,1542.6623048542851
16,Tienda_60,1611.531327749518
17,Tienda_60,1941.9408660847923
18,Tienda_60,1618.9461681080409
19,Tienda_60,1713.1493572593993
20,Tienda_60,2057.528476575526
21,Tienda_60,1930.79038000032
22,Tienda_60,2017.5257838553248
23,Tienda_60,2124.3066767485857
24,Tienda_60,2536.569661127355
1,Tienda_61,426.94146009034745
2,Tienda_61,571.3229487574639
3,Tienda_61,554.5893570117477
4,Tienda_61,573.2708998280832
5,Tienda_61,705.0285095005886
6,Tienda_61,947.1259280790148
7,Tienda_61,934.3017572617234
8,Tienda_61,1101.180980825659
9,Tienda_61,1248.7355204981682
10,Tienda_61,1078.6243068550762
11,Tienda_61,1256.1547903261242
12,Tienda_61,1218.0927052756751
13,Tienda_61,1251.714966065635
14,Tienda_61,1559.1203701793645
15,Tienda_61,1689.7664173016
16,Tienda_61,1404.651586045108
17,Tienda_61,1766.962490002611
18,Tienda_61,1621.0459400908296
19,Tienda_61,2045.164611819328
20,Tienda_61,2060.732601371438
21,Tienda_61,2266.391990448776
22,Tienda_61,2425.825330438643
23,Tienda_61,2155.8026047922363
24,Tienda_61,2475.392885397521
1,Tienda_62,280.4334401369574
2,Tienda_62,354.6850808866952
3,Tienda_62,471.68038138829417
4,Tienda_62,478.3077633837452
5,Tienda_62,533.7974796643238
6,Tienda_62,646.7082546821403
7,Tienda_62,608.3330010511778
8,Tienda_62,778.5812920264382
9,Tienda_62,839.2181873785262
10,Tienda_62,664.851917953626
11,Tienda_62,726.8814436783624
12,Tienda_62,956.5917247416028
13,Tienda_62,924.0114567035064
14,Tienda_62,1201.3809358519711
15,Tienda_62,854.4543389702595
16,Tienda_62,1083.967191966513
17,Tienda_62,1148.043481614187
18,Tienda_62,1035.6661816535975
19,Tienda_62,1165.5995490641694
20,Tienda_62,1296.5931149039402
21,Tienda_62,1390.8721211517818
22,Tienda_62,1319.6530105690013
23,Tienda_62,1652.5256308634098
24,Tienda_62,1592.9596053995808
1,Tienda_63,612.8727090078324
2,Tienda_63,653.8065050948543
3,Tienda_63,768.9134413316759
4,Tienda_63,768.874607376658
5,Tienda_63,771.5888842139407
6,Tienda_63,837.7799519409892
7,Tienda_63,923.1697785044908
8,Tienda_63,850.6726487112671
9,Tienda_63,877.3450224691038
10,Tienda_63,1018.1770337754016
11,Tienda_63,967.8703065395158
12,Tienda_63,1122.6868217004958
13,Tienda_63,1124.5298906166902
14,Tienda_63,1183.418372750839
15,Tienda_63,1217.787063844547
16,Tienda_63,1227.000950428004
17,Tienda_63,1189.2052768283993
18,Tienda_63,1328.820536274125
19,Tienda_63,1401.792636338368
20,Tienda_63,1343.5063639931311
21,Tienda_63,1380.9708914759424
22,Tienda_63,1541.2406990054938
23,Tienda_63,1473.0334299493466
24,Tienda_63,1596.7229778546696
1,Tienda_64,684.4624672288406
2,Tienda_64,830.7907780019216
3,Tienda_64,1001.1077796297932
4,Tienda_64,944.7602540620404
5,Tienda_64,1046.6520925945513
6,Tienda_64,1154.0189976985296
7,Tienda_64,1170.0198077905034
8,Tienda_64,1346.1351179793835
9,Tienda_64,1328.2569723144538
10,Tienda_64,1458.0661872219807
11,Tienda_64,1583.892349982922
12,Tienda_64,1524.6490083622118
13,Tienda_64,1807.5516728662992
14,Tienda_64,1631.8217316377843
15,Tienda_64,1819.13606966694
16,Tienda_64,2224.7594436445006
17,Tienda_64,2383.45510298448
18,Tienda_64,2158.5619871930394
19,Tienda_64,2369.5457778145355
20,Tienda_64,2647.414965677397
21,Tienda_64,2011.5516656046784
22,Tienda_64,2483.142371446728
23,Tienda_64,2650.9492923475204
24,Tienda_64,2542.832472047692
1,Tienda_65,452.3376512885165
2,Tienda_65,544.5831086020397
3,Tienda_65,513.9418773047374
4,Tienda_65,537.5671676354698
5,Tienda_65,595.4983179149818
6,Tienda_65,697.1928776798114
7,Tienda_65,881.6568592724551
8,Tienda_65,810.9044081160872
9,Tienda_65,1069.4183214820875
10,Tienda_65,1194.077478251496
11,Tienda_65,1045.9314167060172
12,Tienda_65,1296.648630799607
13,Tienda_65,1199.474886496166
14,Tienda_65,1167.153728630252
15,Tienda_65,1281.7243374489494
16,Tienda_65,1460.8733089069758
17,Tienda_65,1308.2324631169988
18,Tienda_65,1704.0044061353517
19,Tienda_65,1826.9350271399092
20,Tienda_65,1664.057235301177
21,Tienda_65,1734.8047615593089
22,Tienda_65,1815.8490700216923
23,Tienda_65,2053.562187212895
24,Tienda_65,2039.506996670464
1,Tienda_66,697.4459146922516
2,Tienda_66,691.8154080311947
3,Tienda_66,814.3671400981265
4,Tienda_66,864.0346554955138
5,Tienda_66,816.1616807249043
6,Tienda_66,980.6400459945392
7,Tienda_66,952.2236147431372
8,Tienda_66,898.8201267302516
9,Tienda_66,1105.8303040461035
10,Tienda_66,1103.6573961537124
11,Tienda_66,1198.773517149547
12,Tienda_66,1262.329953709053
13,Tienda_66,1224.7859392822154
14,Tienda_66,1180.8711668401434
15,Tienda_66,1386.291129768122
16,Tienda_66,1313.527334346794
17,Tienda_66,1369.6810988046973
18,Tienda_66,1361.962999004973
19,Tienda_66,1581.459506399199
20,Tienda_66,1496.20271145563
21,Tienda_66,1728.1351214709932
22,Tienda_66,1693.1931041013056
23,Tienda_66,1783.416279586495
24,Tienda_66,1711.4619421645286
1,Tienda_67,615.4213908056527
2,Tienda_67,691.2340104715718
3,Tienda_67,673.4503924333039
4,Tienda_67,711.1157226208477
5,Tienda_67,743.600676900699
6,Tienda_67,870.5878943983249
7,Tienda_67,778.9810543330188
8,Tienda_67,915.1936183309604
9,Tienda_67,914.621613066621
10,Tienda_67,923.6226402762052
11,Tienda_67,966.8970856924568
12,Tienda_67,1080.938132721706
13,Tienda_67,1057.35512379908
14,Tienda_67,1126.718425042275
15,Tienda_67,1254.4416762918431
16,Tienda_67,1157.8104486038042
17,Tienda_67,1222.601964809301
18,Tienda_67,1194.5834618545114
19,Tienda_67,1326.6808477653008
20,Tienda_67,1455.772774487794
21,Tienda_67,1548.650174362931
22,Tienda_67,1446.778891033873
23,Tienda_67,1473.1487406505248
24,Tienda_67,1449.1513686964115
1,Tienda_68,225.63824015728392
2,Tienda_68,328.85345964342054
3,Tienda_68,381.6975015476782
4,Tienda_68,389.0058015137813
5,Tienda_68,443.23728919127177
6,Tienda_68,551.8348682187335
7,Tienda_68,556.2636405920726
8,Tienda_68,576.2199107830264
9,Tienda_68,632.7612344358488
10,Tienda_68,675.8167249099486
11,Tienda_68,730.917146895622
12,Tienda_68,731.2967343997564
13,Tienda_68,895.1960874139832
14,Tienda_68,912.1835028057772
15,Tienda_68,930.520105376978
16,Tienda_68,764.7559616024462
17,Tienda_68,1112.3972205488951
18,Tienda_68,1050.8898511914342
19,Tienda_68,1194.180844391681
20,Tienda_68,1251.3130157691237
21,Tienda_68,1235.5944177025108
22,Tienda_68,1263.2181785345126
23,Tienda_68,1280.503271528759
24,Tienda_68,1479.4563911678756
1,Tienda_69,837.0505429864273
2,Tienda_69,1052.17840462875
3,Tienda_69,1012.6018312108694
4,Tienda_69,1095.314569591755
5,Tienda_69,1115.129055254571
6,Tienda_69,1127.0217527391478
7,Tienda_69,1235.3385898822582
8,Tienda_69,1296.052547114304
9,Tienda_69,1345.719068526333
10,Tienda_69,1465.7560957268795
11,Tienda_69,1444.7288220176802
12,Tienda_69,1469.789583512051
13,Tienda_69,1615.2115209652154
14,Tienda_69,1504.2836498502134
15,Tienda_69,1658.9568037802503
16,Tienda_69,1751.5536287845323
17,Tienda_69,1798.9219035307638
18,Tienda_69,1831.569527722275
19,Tienda_69,1975.8211276476245
20,Tienda_69,1961.7847029141608
21,Tienda_69,2113.802944381373
22,Tienda_69,2207.7540666654863
23,Tienda_69,2033.3374191565592
24,Tienda_69,2082.126216003534
1,Tienda_70,1368.2937995683017
2,Tienda_70,1535.9621274835154
3,Tienda_70,1508.055821248017
4,Tienda_70,1788.171054368241
5,Tienda_70,1807.6547745297544
6,Tienda_70,1813.3707568000475
7,Tienda_70,1880.757131213076
8,Tienda_70,1983.721474812988
9,Tienda_70,2289.0150876316397
10,Tienda_70,2317.559333911028
11,Tienda_70,2504.2992774058075
12,Tienda_70,2666.36668776459
13,Tienda_70,2500.696621088766
14,Tienda_70,2647.495466244419
15,Tienda_70,2912.7700079274987
16,Tienda_70,2796.6861212293247
17,Tienda_70,3059.281567981884
18,Tienda_70,2981.414872506865
19,Tienda_70,3183.8486788865293
20,Tienda_70,3167.444557415686
21,Tienda_70,3172.6911800611906
22,Tienda_70,3522.7421365015143
23,Tienda_70,3699.956983892233
24,Tienda_70,3491.4976040331576
1,Tienda_71,1693.2914131073014
2,Tienda_71,1827.4036155027409
3,Tienda_71,1956.4823627403964
4,Tienda_71,2108.33306124856
5,Tienda_71,2037.698836887495
6,Tienda_71,2253.229269727659
7,Tienda_71,2153.060170031422
8,Tienda_71,2380.5200053081035
9,Tienda_71,2492.524590601943
10,Tienda_71,2453.06525618353
11,Tienda_71,2630.256778970499
12,Tienda_71,2856.348031455193
13,Tienda_71,3077.382497479361
14,Tienda_71,2995.865195397832
15,Tienda_71,3024.810120467512
16,Tienda_71,3009.5823127951967
17,Tienda_71,3384.637350243454
18,Tienda_71,3136.836456933272
19,Tienda_71,3274.398906103721
20,Tienda_71,3712.200300703653
21,Tienda_71,3577.1316472297517
22,Tienda_71,3883.9481183140297
23,Tienda_71,3921.4500552104423
24,Tienda_71,3978.43721245809
1,Tienda_72,724.7502195437829
2,Tienda_72,911.6433638364048
3,Tienda_72,903.089753631196
4,Tienda_72,1029.0100529515028
5,Tienda_72,1156.050203483111
6,Tienda_72,1271.1366918451747
7,Tienda_72,1353.3245010088826
8,Tienda_72,1285.7207670943108
9,Tienda_72,1404.7308996125012
10,Tienda_72,1487.827645015892
11,Tienda_72,1728.1326543720684
12,Tienda_72,1800.7318976936444
13,Tienda_72,1534.574771178133
14,Tienda_72,1588.3068497739705
15,Tienda_72,1774.826387032013
16,Tienda_72,1800.026686187436
17,Tienda_72,1847.8097844155143
18,Tienda_72,1629.5721933175123
19,Tienda_72,2256.26447075826
20,Tienda_72,2136.305881867155
21,Tienda_72,1926.319297294698
22,Tienda_72,2514.363514678111
23,Tienda_72,2038.3252993717256
24,Tienda_72,2397.619183480761
1,Tienda_73,821.8078512782647
2,Tienda_73,959.6174116912124
3,Tienda_73,964.0789868353596
4,Tienda_73,1052.3980458961507
5,Tienda_73,1307.3612899989369
6,Tienda_73,1480.9092288109828
7,Tienda_73,1646.9338884752087
8,Tienda_73,1903.8820000589344
9,Tienda_73,1746.7339013441322
10,Tienda_73,1978.4640363272292
11,Tienda_73,1800.5751646855308
12,Tienda_73,2378.855156900818
13,Tienda_73,2184.2469747417244
14,Tienda_73,2429.195733769025
15,Tienda_73,2658.219109252255
16,Tienda_73,2951.031641731823
17,Tienda_73,3437.004718252879
18,Tienda_73,2794.8064729749144
19,Tienda_73,2647.941720076208
20,Tienda_73,3304.111214458055
21,Tienda_73,3177.445476376078
22,Tienda_73,3910.717460043101
23,Tienda_73,4082.5283138855466
24,Tienda_73,3419.522613888186
1,Tienda_74,957.2133732753751
2,Tienda_74,1136.5515083988298
3,Tienda_74,982.567067382915
4,Tienda_74,1629.0225006343228
5,Tienda_74,1819.5236523299543
6,Tienda_74,2287.277446063641
7,Tienda_74,1834.349393266764
8,Tienda_74,2382.762404179177
9,Tienda_74,2444.794685949345
10,Tienda_74,2039.2406960795013
11,Tienda_74,3115.444694356206
12,Tienda_74,3288.1259584054046
13,Tienda_74,2683.056931205249
14,Tienda_74,3182.075451662788
15,Tienda_74,3212.7905556093992
16,Tienda_74,3642.39390299309
17,Tienda_74,3404.0341941836
18,Tienda_74,2793.913160678509
19,Tienda_74,3719.0152206149896
20,Tienda_74,4432.044812534387
21,Tienda_74,4095.803644174797
22,Tienda_74,4101.959252002209
23,Tienda_74,5611.35345571483
24,Tienda_74,4423.292260578442
1,Tienda_75,797.5957828239319
2,Tienda_75,860.757814940027
3,Tienda_75,1061.3139864795971
4,Tienda_75,1068.2112807728258
5,Tienda_75,1088.050559582129
6,Tienda_75,1095.841340459318
7,Tienda_75,1130.8159681346117
8,Tienda_75,1378.2581040050688
9,Tienda_75,1406.7547240186943
10,Tienda_75,1387.6106184215228
11,Tienda_75,1515.9422963252357
12,Tienda_75,1443.7971512783313
13,Tienda_75,1468.012479857242
14,Tienda_75,1501.322308783396
15,Tienda_75,1654.2804234047462
16,Tienda_75,1670.9308734158626
17,Tienda_75,2004.4300388693844
18,Tienda_75,1816.126707834647
19,Tienda_75,1912.0169898495171
20,Tienda_75,1826.694789383549
21,Tienda_75,2070.2817308149797
22,Tienda_75,2110.8040428635027
23,Tienda_75,2184.2058738623537
24,Tienda_75,2063.031695518646
1,Tienda_76,244.57519612260444
2,Tienda_76,262.5858904999131
3,Tienda_76,312.5507138823675
4,Tienda_76,438.95516120756815
5,Tienda_76,421.3848010448668
6,Tienda_76,435.286043971681
7,Tienda_76,475.0316758183933
8,Tienda_76,555.6321192108172
9,Tienda_76,619.4885350406325
10,Tienda_76,653.1183535299314
11,Tienda_76,556.934903175471
12,Tienda_76,603.7396579612562
13,Tienda_76,931.9860919095166
14,Tienda_76,586.6012205476428
15,Tienda_76,975.3492171972892
16,Tienda_76,867.352833463826
17,Tienda_76,1023.598048813615
18,Tienda_76,894.6278312051504
19,Tienda_76,1164.6010457629432
20,Tienda_76,1059.000019691848
21,Tienda_76,1085.4336038989277
22,Tienda_76,873.338277748829
23,Tienda_76,1165.4902929575155
24,Tienda_76,1105.0193815645157
1,Tienda_77,944.9885136653317
2,Tienda_77,1089.4132111874112
3,Tienda_77,1073.5088804756792
4,Tienda_77,1217.8605498741736
5,Tienda_77,1207.2384834106483
6,Tienda_77,1368.5931203312673
7,Tienda_77,1518.5972778791224
8,Tienda_77,1402.8529140230976
9,Tienda_77,1397.8069864676745
10,Tienda_77,1702.7158419324794
11,Tienda_77,2013.2710156472317
12,Tienda_77,1929.877347702032
13,Tienda_77,2038.329982506664
14,Tienda_77,2280.7738668490088
15,Tienda_77,2265.076749333503
16,Tienda_77,2163.8307279621104
17,Tienda_77,2530.6442673186957
18,Tienda_77,2514.208359755132
19,Tienda_77,2825.324893273605
20,Tienda_77,2741.082048078653
21,Tienda_77,2821.015960824161
22,Tienda_77,2960.9985337031844
23,Tienda_77,3149.42492844523
24,Tienda_77,3292.409962274543
1,Tienda_78,358.782595099906
2,Tienda_78,397.22417611039685
3,Tienda_78,399.4833430138104
4,Tienda_78,506.59117568313184
5,Tienda_78,599.7073123841849
6,Tienda_78,641.3266158873436
7,Tienda_78,704.1791329948929
8,Tienda_78,606.4995957302499
9,Tienda_78,760.4929707938791
10,Tienda_78,679.8838495038866
11,Tienda_78,1133.9375434056085
12,Tienda_78,1028.8916613084916
13,Tienda_78,1134.9205567351562
14,Tienda_78,1149.6041745028592
15,Tienda_78,965.1537700334002
16,Tienda_78,1252.5917473712086
17,Tienda_78,1234.23714613377
18,Tienda_78,1162.580346576143
19,Tienda_78,1263.2406009929643
20,Tienda_78,1689.3214107380422
21,Tienda_78,1447.5976482874612
22,Tienda_78,1553.9158921500232
23,Tienda_78,1763.7727208335184
24,Tienda_78,1766.730359857669
1,Tienda_79,447.5870283217047
2,Tienda_79,465.2691636708447
3,Tienda_79,544.4357181209812
4,Tienda_79,524.142215118078
5,Tienda_79,532.4076428746321
6,Tienda_79,566.8087427225231
7,Tienda_79,617.6067904130274
8,Tienda_79,654.7447186947402
9,Tienda_79,648.9101105818146
10,Tienda_79,699.4483212775955
11,Tienda_79,712.6944856949949
12,Tienda_79,686.8735061942745
13,Tienda_79,720.5547684064991
14,Tienda_79,896.1319064796876
15,Tienda_79,891.0636687843615
16,Tienda_79,839.0446844014549
17,Tienda_79,872.9318533932799
18,Tienda_79,949.982313068808
19,Tienda_79,1001.6759045247744
20,Tienda_79,993.7214296028184
21,Tienda_79,1002.36045525633
22,Tienda_79,933.9677906513184
23,Tienda_79,1051.5372809482074
24,Tienda_79,1177.1403929381631
1,Tienda_80,802.460830164187
2,Tienda_80,870.1621996766378
3,Tienda_80,1082.5221639957476
4,Tienda_80,1137.2345467539876
5,Tienda_80,951.5572337642404
6,Tienda_80,1192.3972102195069
7,Tienda_80,1233.8655154490448
8,Tienda_80,1457.5029276202094
9,Tienda_80,1254.3543862209772
10,Tienda_80,1552.41889267615
11,Tienda_80,1386.780473493524
12,Tienda_80,1664.8905297361405
13,Tienda_80,1812.496501378503
14,Tienda_80,1778.3945190175832
15,Tienda_80,1923.432827908141
16,Tienda_80,2153.4800767340885
17,Tienda_80,2094.351288649516
18,Tienda_80,1942.7233179293096
19,Tienda_80,1998.9881412591528
20,Tienda_80,2228.9011779737216
21,Tienda_80,2534.145961435554
22,Tienda_80,2419.004451874597
23,Tienda_80,2402.169064098682
24,Tienda_80,2607.3259044503043
1,Tienda_81,1540.922624394944
2,Tienda_81,1561.401054678316
3,Tienda_81,1728.5672691522789
4,Tienda_81,1902.5256985101737
5,Tienda_81,2015.5194639996128
6,Tienda_81,2039.2939197487235
7,Tienda_81,2149.923491334654
8,Tienda_81,2049.730542818721
9,Tienda_81,2351.302039734252
10,Tienda_81,2505.312158664273
11,Tienda_81,2433.9724712697093
12,Tienda_81,2691.164085415342
13,Tienda_81,2851.924753338498
14,Tienda_81,2513.307047038338
15,Tienda_81,3079.365581384726
16,Tienda_81,3034.038192591798
17,Tienda_81,3140.487085173901
18,Tienda_81,3134.9898511745414
19,Tienda_81,3415.647132753176
20,Tienda_81,3359.254455408303
21,Tienda_81,3421.1165145271834
22,Tienda_81,3671.080296002042
23,Tienda_81,3311.6442155159184
24,Tienda_81,3743.411046851853
1,Tienda_82,1035.9732858978446
2,Tienda_82,1106.9490814374003
3,Tienda_82,1552.018241580613
4,Tienda_82,1406.2588785872028
5,Tienda_82,1803.4246965212824
6,Tienda_82,1825.977276506548
7,Tienda_82,1714.866069750792
8,Tienda_82,1799.229517332944
9,Tienda_82,2350.0733518607576
10,Tienda_82,2403.293994786645
11,Tienda_82,2488.661440055629
12,Tienda_82,2651.360160683512
13,Tienda_82,2798.94195934091
14,Tienda_82,2932.031586342181
15,Tienda_82,2926.200614160833
16,Tienda_82,2799.871282106957
17,Tienda_82,2854.055085979161
18,Tienda_82,3576.1606988349017
19,Tienda_82,3451.899169227047
20,Tienda_82,3630.408022749952
21,Tienda_82,3631.404461741918
22,Tienda_82,3801.8421294725777
23,Tienda_82,4007.5805616112857
24,Tienda_82,3778.5260846959945
1,Tienda_83,258.6392790108728
2,Tienda_83,248.7174158317861
3,Tienda_83,257.3211171687707
4,Tienda_83,290.9463101395464
5,Tienda_83,371.10704438493855
6,Tienda_83,380.5718958989446
7,Tienda_83,388.72373089631526
8,Tienda_83,390.6649151169636
9,Tienda_83,486.8304006828438
10,Tienda_83,390.4034218124693
11,Tienda_83,503.9261701099277
12,Tienda_83,562.3349588630151
13,Tienda_83,603.7385329536443
14,Tienda_83,567.6949350749242
15,Tienda_83,612.1336613086405
16,Tienda_83,606.947112904278
17,Tienda_83,643.4277709953358
18,Tienda_83,667.3862674455161
19,Tienda_83,682.0901681091797
20,Tienda_83,660.2985782132397
21,Tienda_83,686.7629906875078
22,Tienda_83,720.2521809274382
23,Tienda_83,729.8022779209269
24,Tienda_83,907.86923446866
1,Tienda_84,1024.0750616472376
2,Tienda_84,956.9364879077428
3,Tienda_84,1009.1292835542064
4,Tienda_84,1213.6179699036234
5,Tienda_84,1230.6430282939616
6,Tienda_84,1368.611049347543
7,Tienda_84,1343.5610770253954
8,Tienda_84,1350.907712178446
9,Tienda_84,1468.046988028138
10,Tienda_84,1659.5012615084695
11,Tienda_84,1566.0889385446746
12,Tienda_84,1910.5339436572524
13,Tienda_84,1725.8814400813997
14,Tienda_84,1646.192110690966
15,Tienda_84,1879.4500300863535
16,Tienda_84,1971.669840054829
17,Tienda_84,1862.611598402358
18,Tienda_84,1939.0806017587615
19,Tienda_84,2068.707011161692
20,Tienda_84,2125.0606048290983
21,Tienda_84,2250.80517234216
22,Tienda_84,2238.468168976726
23,Tienda_84,2300.315607519876
24,Tienda_84,2369.8300561411725
1,Tienda_85,1104.0454365556996
2,Tienda_85,1114.7069160618328
3,Tienda_85,1458.844708477123
4,Tienda_85,1663.9764324263658
5,Tienda_85,1990.9480850394964
6,Tienda_85,2082.5389572906865
7,Tienda_85,1915.0845174416056
8,Tienda_85,2464.450542340697
9,Tienda_85,2623.055166240817
10,Tienda_85,2814.9955709847177
11,Tienda_85,3213.663383421244
12,Tienda_85,3096.126712078032
13,Tienda_85,2946.980544018364
14,Tienda_85,3538.7324407503784
15,Tienda_85,3499.9164522600227
16,Tienda_85,3867.311620887333
17,Tienda_85,3724.591436855152
18,Tienda_85,4318.600415444588
19,Tienda_85,5135.678826322123
20,Tienda_85,4758.704215471996
21,Tienda_85,4559.342597881683
22,Tienda_85,5329.466683971151
23,Tienda_85,4753.288670089344
24,Tienda_85,5558.7419863994255
1,Tienda_86,853.9926748080213
2,Tienda_86,786.0155719433106
3,Tienda_86,827.4169623431276
4,Tienda_86,965.7386809297494
5,Tienda_86,950.5548351416436
6,Tienda_86,1115.8810366763782
7,Tienda_86,1228.126474168535
8,Tienda_86,1228.2491605589792
9,Tienda_86,1589.8374921062857
10,Tienda_86,1555.744424904976
11,Tienda_86,1501.1438917248845
12,Tienda_86,1434.2487681662635
13,Tienda_86,1569.3623665733694
14,Tienda_86,1352.4356385293502
15,Tienda_86,1759.6941996518076
16,Tienda_86,2048.100007504096
17,Tienda_86,1975.826264714068
18,Tienda_86,2389.7082453949224
19,Tienda_86,2235.592885913711
20,Tienda_86,2253.5869486136025
21,Tienda_86,2434.338529048764
22,Tienda_86,2212.159560057144
23,Tienda_86,2374.2966223383046
24,Tienda_86,2731.848899717336
1,Tienda_87,493.5019388460608
2,Tienda_87,475.4062716703908
3,Tienda_87,615.6800393724068
4,Tienda_87,653.2460536029092
5,Tienda_87,766.6892808313698
6,Tienda_87,997.6133493134632
7,Tienda_87,898.4008482301315
8,Tienda_87,1142.6094985147784
9,Tienda_87,1226.098909669967
10,Tienda_87,1156.4151212655854
11,Tienda_87,1038.046851613841
12,Tienda_87,1351.7968116293778
13,Tienda_87,1312.485530743567
14,Tienda_87,1617.8073040728498
15,Tienda_87,1437.6755700533513
16,Tienda_87,1839.9952301947733
17,Tienda_87,1925.507273050564
18,Tienda_87,1874.904403640772
19,Tienda_87,2447.2107636834508
20,Tienda_87,2233.289884181194
21,Tienda_87,2029.4115048271915
22,Tienda_87,2396.025949128257
23,Tienda_87,2217.352518231641
24,Tienda_87,2590.3369129516286
1,Tienda_88,1013.7321407174952
2,Tienda_88,1256.4920068791214
3,Tienda_88,1135.2357291400424
4,Tienda_88,1176.153233201342
5,Tienda_88,1127.1803915608675
6,Tienda_88,1448.630793058633
7,Tienda_88,1491.4755923210882
8,Tienda_88,1618.6299345632335
9,Tienda_88,1810.295128771832
10,Tienda_88,2071.617935816021
11,Tienda_88,2078.1304588844832
12,Tienda_88,2121.4771454117663
13,Tienda_88,2260.7511030623955
14,Tienda_88,2344.020755462778
15,Tienda_88,2618.412114202887
16,Tienda_88,2786.215312413344
17,Tienda_88,3228.902767805408
18,Tienda_88,2910.874764711049
19,Tienda_88,3421.6269000573484
20,Tienda_88,2885.293717608682
21,Tienda_88,3089.068471901108
22,Tienda_88,3353.075647413976
23,Tienda_88,3409.33125636336
24,Tienda_88,2987.3858303586376
1,Tienda_89,1310.0380379442838
2,Tienda_89,1267.538495958376
3,Tienda_89,1344.7780259735384
4,Tienda_89,1645.8336516530485
5,Tienda_89,1383.5119942930578
6,Tienda_89,1504.2916402619192
7,Tienda_89,1746.313416400826
8,Tienda_89,1616.0748579732212
9,Tienda_89,1973.4930090732955
10,Tienda_89,2073.5674699201304
11,Tienda_89,2343.226710888091
12,Tienda_89,2102.113048061952
13,Tienda_89,2249.737297735173
14,Tienda_89,2281.802843081342
15,Tienda_89,2491.279963996124
16,Tienda_89,2462.129981045766
17,Tienda_89,2724.350539687268
18,Tienda_89,2886.98034337794
19,Tienda_89,2524.2485743327147
20,Tienda_89,2872.7215865253816
21,Tienda_89,3005.3422491190254
22,Tienda_89,2868.549632267175
23,Tienda_89,3163.09409330737
24,Tienda_89,3391.375595899029
1,Tienda_90,1074.907206286081
2,Tienda_90,1106.0020462681896
3,Tienda_90,1191.4336912254978
4,Tienda_90,1171.446790930955
5,Tienda_90,1238.5804510151784
6,Tienda_90,1407.8049066937797
7,Tienda_90,1436.2749298118244
8,Tienda_90,1551.347671978109
9,Tienda_90,1512.646783723155
10,Tienda_90,1733.976822724083
11,Tienda_90,1637.577604840888
12,Tienda_90,1693.8692294063608
13,Tienda_90,2036.759890240299
14,Tienda_90,1778.568708575241
15,Tienda_90,1837.923083275572
16,Tienda_90,1849.2792129735465
17,Tienda_90,1998.3170171457148
18,Tienda_90,2192.110739244553
19,Tienda_90,2198.5172309308937
20,Tienda_90,2283.9946911108354
21,Tienda_90,2212.2742013156176
22,Tienda_90,2440.411888267465
23,Tienda_90,2392.811359716695
24,Tienda_90,2401.2208811783185
1,Tienda_91,558.9782901936883
2,Tienda_91,625.641554907063
3,Tienda_91,896.016096968195
4,Tienda_91,861.3923228773343
5,Tienda_91,850.3573898415809
6,Tienda_91,1190.6279172332452
7,Tienda_91,1199.7952421652217
8,Tienda_91,1269.1723680181683
9,Tienda_91,1211.4855129002844
10,Tienda_91,1580.5582179430232
11,Tienda_91,1284.129959562365
12,Tienda_91,1444.09747091003
13,Tienda_91,1927.7856921741795
14,Tienda_91,1893.1795733677936
15,Tienda_91,2180.5563592629755
16,Tienda_91,1995.9658951624704
17,Tienda_91,2231.2489457266115
18,Tienda_91,2583.9532530980005
19,Tienda_91,2413.229398221283
20,Tienda_91,2134.6870228877983
21,Tienda_91,2832.305928071737
22,Tienda_91,3104.4482752463014
23,Tienda_91,2778.922213516453
24,Tienda_91,2878.7832474147253
1,Tienda_92,588.0544902696786
2,Tienda_92,785.9320929576411
3,Tienda_92,716.2722607808985
4,Tienda_92,739.359847945833
5,Tienda_92,951.9929341331798
6,Tienda_92,1044.817220432818
7,Tienda_92,973.5465955642792
8,Tienda_92,1135.6959345478783
9,Tienda_92,1068.1302009685503
10,Tienda_92,1374.0605005250538
11,Tienda_92,1236.542710950933
12,Tienda_92,1567.0850009541955
13,Tienda_92,1268.3097227328128
14,Tienda_92,1502.137773562549
15,Tienda_92,1594.7134461801973
16,Tienda_92,1628.7165888889997
17,Tienda_92,1850.9387294961912
18,Tienda_92,1622.2600609428353
19,Tienda_92,1886.90762043935
20,Tienda_92,1951.807775599804
21,Tienda_92,2014.1219889532044
22,Tienda_92,2058.244629609656
23,Tienda_92,2055.778134232056
24,Tienda_92,2233.486236224905
1,Tienda_93,931.256709243247
2,Tienda_93,954.0570707755252
3,Tienda_93,1059.191778521841
4,Tienda_93,983.869288466224
5,Tienda_93,1298.9219096773156
6,Tienda_93,1218.607166002677
7,Tienda_93,1225.4843617249594
8,Tienda_93,1386.6208611863296
9,Tienda_93,1332.4588444647611
10,Tienda_93,1499.3132903905555
11,Tienda_93,1595.0846719875867
12,Tienda_93,1633.9323700250904
13,Tienda_93,1572.528087562178
14,Tienda_93,1773.9769904315094
15,Tienda_93,1869.2302832314188
16,Tienda_93,1840.376351058868
17,Tienda_93,1748.9474842154368
18,Tienda_93,1931.4177598493488
19,Tienda_93,1884.224571726904
20,Tienda_93,2013.7064884267404
21,Tienda_93,1975.46250640734
22,Tienda_93,2113.4619841941644
23,Tienda_93,2047.982827573244
24,Tienda_93,2053.952330467416
1,Tienda_94,475.002381841622
2,Tienda_94,427.5997804528115
3,Tienda_94,562.6262625243427
4,Tienda_94,592.4074499532256
5,Tienda_94,680.0543994137063
6,Tienda_94,660.4730820690863
7,Tienda_94,796.0786693684701
8,Tienda_94,815.6192680139501
9,Tienda_94,814.910640345181
10,Tienda_94,840.5064858054242
11,Tienda_94,953.1497209435228
12,Tienda_94,988.1579102224364
13,Tienda_94,845.7629632170491
14,Tienda_94,1054.0358013872574
15,Tienda_94,1096.378723766769
16,Tienda_94,1030.382023762049
17,Tienda_94,1240.3320159502975
18,Tienda_94,1249.2366814601987
19,Tienda_94,1456.991860991876
20,Tienda_94,1186.4677422493678
21,Tienda_94,1328.150278575346
22,Tienda_94,1336.6841395159406
23,Tienda_94,1484.9403829023156
24,Tienda_94,1618.1229853701366
1,Tienda_95,919.6194272485504
2,Tienda_95,980.1550657762637
3,Tienda_95,1095.0722647365744
4,Tienda_95,1184.1919228827137
5,Tienda_95,1225.018900193979
6,Tienda_95,1323.1456523949914
7,Tienda_95,1308.019297203917
8,Tienda_95,1296.9930860096367
9,Tienda_95,1399.7367435115066
10,Tienda_95,1567.6318673156122
11,Tienda_95,1547.5526519453083
12,Tienda_95,1615.1163650994076
13,Tienda_95,1745.386338902979
14,Tienda_95,1826.238713369277
15,Tienda_95,2012.003359937128
16,Tienda_95,1995.4057136152956
17,Tienda_95,1941.3665715706625
18,Tienda_95,2113.0189146242788
19,Tienda_95,1887.723233336165
20,Tienda_95,2389.623028657305
21,Tienda_95,2245.49284543367
22,Tienda_95,2272.2001493709963
23,Tienda_95,2247.789330355312
24,Tienda_95,2477.4970884808235
1,Tienda_96,525.9387763975008
2,Tienda_96,606.1452747308762
3,Tienda_96,662.4039833735239
4,Tienda_96,888.080102353819
5,Tienda_96,760.1952820345488
6,Tienda_96,1027.5863512244953
7,Tienda_96,1086.0980248619942
8,Tienda_96,1034.7393584615747
9,Tienda_96,1143.0907321937063
10,Tienda_96,1274.0131482328852
11,Tienda_96,1448.2619505820842
12,Tienda_96,1601.1277361448722
13,Tienda_96,1680.9958065393664
14,Tienda_96,1599.4250721579067
15,Tienda_96,2031.91804453996
16,Tienda_96,2002.4223556053944
17,Tienda_96,1886.166966144775
18,Tienda_96,1951.5014193597324
19,Tienda_96,2337.6548381331527
20,Tienda_96,2136.119328251752
21,Tienda_96,2140.570562141505
22,Tienda_96,2507.359715653409
23,Tienda_96,2741.646746106522
24,Tienda_96,2793.5346049921404
1,Tienda_97,729.5303346131453
2,Tienda_97,891.8619410661324
3,Tienda_97,1089.2467382828522
4,Tienda_97,1130.5724745670568
5,Tienda_97,1374.228640924839
6,Tienda_97,1291.383663900376
7,Tienda_97,1536.1193724853204
8,Tienda_97,1566.210904259063
9,Tienda_97,1949.4831609666185
10,Tienda_97,2165.506200073402
11,Tienda_97,2126.8658523033628
12,Tienda_97,2637.5967778252343
13,Tienda_97,2445.9900390355374
14,Tienda_97,2814.005691056697
15,Tienda_97,2393.624437027452
16,Tienda_97,2664.005715208011
17,Tienda_97,2607.1425222379694
18,Tienda_97,2873.112353833258
19,Tienda_97,3167.2029262617507
20,Tienda_97,3363.159846966644
21,Tienda_97,3505.6025990794046
22,Tienda_97,3396.1864736350467
23,Tienda_97,3315.3055312797223
24,Tienda_97,3151.20504113345
1,Tienda_98,1383.445237536266
2,Tienda_98,1388.160275661366
3,Tienda_98,1661.0442851576647
4,Tienda_98,1895.523360119137
5,Tienda_98,1711.6172224118818
6,Tienda_98,1962.6949375684728
7,Tienda_98,2422.633697447959
8,Tienda_98,2592.2853616037755
9,Tienda_98,2242.8310734416136
10,Tienda_98,2695.5929615611744
11,Tienda_98,2418.778566101712
12,Tienda_98,3074.085737442875
13,Tienda_98,2813.3214262736647
14,Tienda_98,3216.920885561935
15,Tienda_98,3284.156078872488
16,Tienda_98,3359.548388754336
17,Tienda_98,3672.841871421977
18,Tienda_98,3740.101032990554
19,Tienda_98,3608.346099481329
20,Tienda_98,3802.9018629692814
21,Tienda_98,4401.087334431279
22,Tienda_98,3251.216850266711
23,Tienda_98,4305.007816865121
24,Tienda_98,4540.229717846087
1,Tienda_99,3607.809141827434
2,Tienda_99,3677.745259160082
3,Tienda_99,4408.699229554852
4,Tienda_99,4207.442704274675
5,Tienda_99,4734.340048194044
6,Tienda_99,4780.527260366054
7,Tienda_99,5144.6072680225225
8,Tienda_99,5147.905825979575
9,Tienda_99,5748.957709590826
10,Tienda_99,5471.972969258925
11,Tienda_99,6156.73587615118
12,Tienda_99,6331.131757911344
13,Tienda_99,6477.641064334517
14,Tienda_99,6443.8706058923335
15,Tienda_99,6689.595027097675
16,Tienda_99,6149.223145992414
17,Tienda_99,7427.843936521689
18,Tienda_99,7865.735230578471
19,Tienda_99,7692.206231741438
20,Tienda_99,8250.32603742993
21,Tienda_99,7680.477646425399
22,Tienda_99,8340.239098412316
23,Tienda_99,8487.965071944935
24,Tienda_99,8117.2477447944975
1,Tienda_100,771.1413657569715
2,Tienda_100,784.5748068827379
3,Tienda_100,816.5269202609911
4,Tienda_100,987.6816382336356
5,Tienda_100,847.6128637301226
6,Tienda_100,1002.726784011704
7,Tienda_100,1068.3821281150233
8,Tienda_100,1191.8338269234553
9,Tienda_100,1184.753956613789
10,Tienda_100,1234.821750841411
11,Tienda_100,1311.880105537636
12,Tienda_100,1285.9483720476032
13,Tienda_100,1325.042741471768
14,Tienda_100,1451.8947975305246
15,Tienda_100,1427.8750282484714
16,Tienda_100,1536.8951110122764
17,Tienda_100,1542.4169785904032
18,Tienda_100,1529.471552242921
19,Tienda_100,1730.663860758754
20,Tienda_100,1973.67044623154
21,Tienda_100,1696.9646590064997
22,Tienda_100,1923.9247459678704
23,Tienda_100,1886.5761162926435
24,Tienda_100,1896.8236187173543
