Periodo,Tienda,Ventas_minmax01
1,Tienda_1,0.0
2,Tienda_1,0.0941779042393436
3,Tienda_1,0.09406018666976068
4,Tienda_1,0.10470536186715639
5,Tienda_1,0.19251553052123815
6,Tienda_1,0.21103078664405558
7,Tienda_1,0.2999508843423532
8,Tienda_1,0.3933857101747199
9,Tienda_1,0.4673341803639013
10,Tienda_1,0.40965143824431877
11,Tienda_1,0.47939771849698654
12,Tienda_1,0.5590232982741231
13,Tienda_1,0.49630585643914976
14,Tienda_1,0.6629056405673748
15,Tienda_1,0.5202789945370226
16,Tienda_1,0.800648670906436
17,Tienda_1,0.7026970733714197
18,Tienda_1,0.7042781221233211
19,Tienda_1,0.69548500681836
20,Tienda_1,0.7713358197348119
21,Tienda_1,0.6605736951147445
22,Tienda_1,0.7998025151752048
23,Tienda_1,0.9023995933511455
24,Tienda_1,1.0
1,Tienda_2,0.0
2,Tienda_2,0.07076998457370431
3,Tienda_2,0.19519438372325307
4,Tienda_2,0.2050549066491356
5,Tienda_2,0.19870153731336884
6,Tienda_2,0.22809466550691068
7,Tienda_2,0.3096378369580172
8,Tienda_2,0.38490727333705904
9,Tienda_2,0.5094588573147352
10,Tienda_2,0.5232641577287116
11,Tienda_2,0.4357465095600272
12,Tienda_2,0.4978972821790373
13,Tienda_2,0.7228542532918312
14,Tienda_2,0.6378323802347392
15,Tienda_2,0.6664419946644393
16,Tienda_2,0.5371123587951757
17,Tienda_2,0.6403268099294667
18,Tienda_2,0.7469077972204238
19,Tienda_2,0.7103605910937805
20,Tienda_2,0.8908689976822097
21,Tienda_2,0.8400087301644742
22,Tienda_2,0.933885009860197
23,Tienda_2,1.0
24,Tienda_2,0.9996410407271161
1,Tienda_3,0.0
2,Tienda_3,0.03259214156696909
3,Tienda_3,0.11218394907173755
4,Tienda_3,0.1834072184922272
5,Tienda_3,0.15515037686920743
6,Tienda_3,0.2478185314780877
7,Tienda_3,0.28741257921883656
8,Tienda_3,0.33838744492715045
9,Tienda_3,0.3108335278641953
10,Tienda_3,0.3955475517743078
11,Tienda_3,0.44032249803613727
12,Tienda_3,0.5578745018716241
13,Tienda_3,0.46905323782080055
14,Tienda_3,0.5973082383453046
15,Tienda_3,0.6703766729292816
16,Tienda_3,0.5859536117022779
17,Tienda_3,0.5635039216629367
18,Tienda_3,0.6464571940107554
19,Tienda_3,0.7695481159837411
20,Tienda_3,0.7254089500139882
21,Tienda_3,0.6932032343953124
22,Tienda_3,0.7824313254369207
23,Tienda_3,0.7173518316182432
24,Tienda_3,1.0
1,Tienda_4,0.0
2,Tienda_4,0.03330517545614536
3,Tienda_4,0.09479495424888568
4,Tienda_4,0.16953324495229216
5,Tienda_4,0.24495852301388138
6,Tienda_4,0.34193617091508655
7,Tienda_4,0.31153305793667335
8,Tienda_4,0.26493213464707643
9,Tienda_4,0.32082876039895436
10,Tienda_4,0.3914726214624297
11,Tienda_4,0.49044301160648385
12,Tienda_4,0.49316200326600346
13,Tienda_4,0.618475247281912
14,Tienda_4,0.5701557275667138
15,Tienda_4,0.4239750297452313
16,Tienda_4,0.6309886868159982
17,Tienda_4,0.7797679159003572
18,Tienda_4,0.8813457957751908
19,Tienda_4,0.7891864853051095
20,Tienda_4,0.9622252389062396
21,Tienda_4,0.905627937990991
22,Tienda_4,0.8181702126476083
23,Tienda_4,1.0
24,Tienda_4,0.9884077681935791
1,Tienda_5,0.0
2,Tienda_5,0.04769665596290508
3,Tienda_5,0.050777997179305236
4,Tienda_5,0.20015386527079268
5,Tienda_5,0.1761989927045476
6,Tienda_5,0.17508453103708102
7,Tienda_5,0.275910795917629
8,Tienda_5,0.37704860067751217
9,Tienda_5,0.3255180500860902
10,Tienda_5,0.4423537434408129
11,Tienda_5,0.49035686123350675
12,Tienda_5,0.4686225926590792
13,Tienda_5,0.506894949529389
14,Tienda_5,0.6383656050856984
15,Tienda_5,0.6451838274361152
16,Tienda_5,0.7040012099428163
17,Tienda_5,0.6252658423322434
18,Tienda_5,0.7961926136857641
19,Tienda_5,0.9379433754026575
20,Tienda_5,0.8095382855087402
21,Tienda_5,0.8319204080537407
22,Tienda_5,0.7749597985831606
23,Tienda_5,1.0
24,Tienda_5,0.9133562367005987
1,Tienda_6,0.0
2,Tienda_6,0.024887311908584796
3,Tienda_6,0.02220638236622388
4,Tienda_6,0.11990673635537115
5,Tienda_6,0.13395279400676463
6,Tienda_6,0.16462885313133993
7,Tienda_6,0.26198509556248123
8,Tienda_6,0.2860709596294018
9,Tienda_6,0.36487738203601155
10,Tienda_6,0.4229043427611404
11,Tienda_6,0.2874247935111985
12,Tienda_6,0.5164275911736221
13,Tienda_6,0.47029551802299396
14,Tienda_6,0.600037179738452
15,Tienda_6,0.6675163958410272
16,Tienda_6,0.5756788223573239
17,Tienda_6,0.856158144019495
18,Tienda_6,0.6073072591516311
19,Tienda_6,0.8504032184514195
20,Tienda_6,0.7688739584123412
21,Tienda_6,0.9838770878006159
22,Tienda_6,0.7975131685048414
23,Tienda_6,0.9657181268479222
24,Tienda_6,1.0
1,Tienda_7,0.0
2,Tienda_7,0.015157980140681563
3,Tienda_7,0.04263040193338562
4,Tienda_7,0.08645676337532825
5,Tienda_7,0.12460782716455333
6,Tienda_7,0.17704901686398794
7,Tienda_7,0.26458474462244563
8,Tienda_7,0.23928120302829708
9,Tienda_7,0.21686371833441934
10,Tienda_7,0.2578709141212297
11,Tienda_7,0.4164913590604769
12,Tienda_7,0.5018483666130028
13,Tienda_7,0.41226956640642953
14,Tienda_7,0.49812850493197314
15,Tienda_7,0.5342566560321971
16,Tienda_7,0.7499354472767732
17,Tienda_7,0.637459044362159
18,Tienda_7,0.8319332320801596
19,Tienda_7,0.7263370921079356
20,Tienda_7,0.805719590427095
21,Tienda_7,0.867767998643745
22,Tienda_7,0.7195704065412254
23,Tienda_7,0.9738376682572808
24,Tienda_7,1.0
1,Tienda_8,0.0
2,Tienda_8,0.02250605135924627
3,Tienda_8,0.0479756884319992
4,Tienda_8,0.06915615839639115
5,Tienda_8,0.1640295012047451
6,Tienda_8,0.2365548092422581
7,Tienda_8,0.2451886242445101
8,Tienda_8,0.25457500397647287
9,Tienda_8,0.2460067467208728
10,Tienda_8,0.40925468635037504
11,Tienda_8,0.3727824361904249
12,Tienda_8,0.4170169335614889
13,Tienda_8,0.4716579165154077
14,Tienda_8,0.5288933369429181
15,Tienda_8,0.6647007079010102
16,Tienda_8,0.6370140310127334
17,Tienda_8,0.7499605611355478
18,Tienda_8,0.6990556979573862
19,Tienda_8,0.8623349524885489
20,Tienda_8,0.6688941516583526
21,Tienda_8,0.8571485983614952
22,Tienda_8,1.0
23,Tienda_8,0.9958743247435532
24,Tienda_8,0.9343100554487511
1,Tienda_9,0.0
2,Tienda_9,0.08332331549959314
3,Tienda_9,0.033988728005444606
4,Tienda_9,0.10050874234978069
5,Tienda_9,0.27268139271267744
6,Tienda_9,0.22142334484088047
7,Tienda_9,0.23512630651023647
8,Tienda_9,0.29351890202899156
9,Tienda_9,0.30855390985040065
10,Tienda_9,0.3281698148876136
11,Tienda_9,0.2490394466707383
12,Tienda_9,0.4308345839951908
13,Tienda_9,0.4532852176981117
14,Tienda_9,0.2550719628188904
15,Tienda_9,0.5754398484995956
16,Tienda_9,0.5228524812765195
17,Tienda_9,0.5633280843616268
18,Tienda_9,0.6084780375355157
19,Tienda_9,0.6592631107922668
20,Tienda_9,0.7302803993924621
21,Tienda_9,0.7121296689031827
22,Tienda_9,0.6455518069927918
23,Tienda_9,0.9645929888342596
24,Tienda_9,1.0
1,Tienda_10,0.0
2,Tienda_10,0.041252897225270764
3,Tienda_10,0.09093223269312953
4,Tienda_10,0.15948633051533997
5,Tienda_10,0.201286392437805
6,Tienda_10,0.2761312424150836
7,Tienda_10,0.13601077841890644
8,Tienda_10,0.2564346346654644
9,Tienda_10,0.37532537875760413
10,Tienda_10,0.31806707487343333
11,Tienda_10,0.2791153344560761
12,Tienda_10,0.4366438904111271
13,Tienda_10,0.5805916952687228
14,Tienda_10,0.6943460971982864
15,Tienda_10,0.6914392294465553
16,Tienda_10,0.5908663053332834
17,Tienda_10,0.6048138992416661
18,Tienda_10,0.79803705298896
19,Tienda_10,0.7206021293096581
20,Tienda_10,0.7894731334762541
21,Tienda_10,0.937919583861868
22,Tienda_10,1.0
23,Tienda_10,0.9140630780590061
24,Tienda_10,0.9705762834374151
1,Tienda_11,0.0
2,Tienda_11,0.05410883232763381
3,Tienda_11,0.03950108524205641
4,Tienda_11,0.09087620093406044
5,Tienda_11,0.10958377571242606
6,Tienda_11,0.14290741536514204
7,Tienda_11,0.26781205653588014
8,Tienda_11,0.3150344851388915
9,Tienda_11,0.30214921417909046
10,Tienda_11,0.3774585897883119
11,Tienda_11,0.46443735289540083
12,Tienda_11,0.5502499313207244
13,Tienda_11,0.5299451246864937
14,Tienda_11,0.6381738070346961
15,Tienda_11,0.464093124881854
16,Tienda_11,0.6497896610011767
17,Tienda_11,0.7517021145158471
18,Tienda_11,0.7628643569698383
19,Tienda_11,0.8292233696341949
20,Tienda_11,0.8244921814652515
21,Tienda_11,0.7642210622643291
22,Tienda_11,0.8826636727270125
23,Tienda_11,0.9924759517297012
24,Tienda_11,1.0
1,Tienda_12,0.0
2,Tienda_12,0.06896073947829645
3,Tienda_12,0.08439699434589758
4,Tienda_12,0.15612236895483808
5,Tienda_12,0.18086134983297708
6,Tienda_12,0.24421545556570315
7,Tienda_12,0.31799595229025224
8,Tienda_12,0.2959797746878758
9,Tienda_12,0.364154708649023
10,Tienda_12,0.318330276539399
11,Tienda_12,0.3799371989729095
12,Tienda_12,0.3816695308716553
13,Tienda_12,0.5448523445992133
14,Tienda_12,0.47867463988681885
15,Tienda_12,0.6648045808903901
16,Tienda_12,0.6930087961875498
17,Tienda_12,0.4970813970413044
18,Tienda_12,0.603020196352147
19,Tienda_12,0.7663197706414744
20,Tienda_12,0.6551553014415281
21,Tienda_12,0.7578237928885371
22,Tienda_12,0.9098810143707817
23,Tienda_12,1.0
24,Tienda_12,0.867065577422193
1,Tienda_13,0.0
2,Tienda_13,0.029703187502874717
3,Tienda_13,0.075065742925668
4,Tienda_13,0.14603578690148106
5,Tienda_13,0.1958806998231617
6,Tienda_13,0.13159554239578714
7,Tienda_13,0.19229940235155304
8,Tienda_13,0.29789421387430903
9,Tienda_13,0.33590953889556185
10,Tienda_13,0.3507526717531808
11,Tienda_13,0.44053039234584146
12,Tienda_13,0.46910183181409826
13,Tienda_13,0.5661599476201851
14,Tienda_13,0.5422963170904738
15,Tienda_13,0.5950139800361576
16,Tienda_13,0.6387732369581759
17,Tienda_13,0.731353206538624
18,Tienda_13,0.749983783359002
19,Tienda_13,0.7790602101941203
20,Tienda_13,0.9366189247379093
21,Tienda_13,0.8954491258419275
22,Tienda_13,0.8507403988162477
23,Tienda_13,0.8007389635387934
24,Tienda_13,1.0
1,Tienda_14,0.0
2,Tienda_14,0.10512467733649478
3,Tienda_14,0.04290801589274778
4,Tienda_14,0.16166619313075423
5,Tienda_14,0.14105159617271154
6,Tienda_14,0.2333786340040047
7,Tienda_14,0.25809923679625235
8,Tienda_14,0.3541699275168032
9,Tienda_14,0.42945209870778245
10,Tienda_14,0.4286988426994206
11,Tienda_14,0.391032862867037
12,Tienda_14,0.4359104813523651
13,Tienda_14,0.5261191301821153
14,Tienda_14,0.5136517864641794
15,Tienda_14,0.6511271506619042
16,Tienda_14,0.6817319187088466
17,Tienda_14,0.7939378717853499
18,Tienda_14,0.7949444585301637
19,Tienda_14,0.8556528240991522
20,Tienda_14,0.8362083711191778
21,Tienda_14,0.7729442637805879
22,Tienda_14,0.9023830552129805
23,Tienda_14,1.0
24,Tienda_14,0.9725445876855889
1,Tienda_15,0.0
2,Tienda_15,0.08363285175326114
3,Tienda_15,0.12476572210058257
4,Tienda_15,0.16530410136648968
5,Tienda_15,0.1451099582450118
6,Tienda_15,0.13884616941120312
7,Tienda_15,0.2696517624905018
8,Tienda_15,0.40474457574155825
9,Tienda_15,0.2930768353067457
10,Tienda_15,0.32836268683225556
11,Tienda_15,0.4066353154014694
12,Tienda_15,0.415312998456133
13,Tienda_15,0.436090628563407
14,Tienda_15,0.39538734624135996
15,Tienda_15,0.6164046669374039
16,Tienda_15,0.7797089917694576
17,Tienda_15,0.7315741198733277
18,Tienda_15,0.6786515329517746
19,Tienda_15,0.7376995329902711
20,Tienda_15,0.8197614444703342
21,Tienda_15,0.7904459389470163
22,Tienda_15,0.8492134683503297
23,Tienda_15,0.8446910849735093
24,Tienda_15,1.0
1,Tienda_16,0.0
2,Tienda_16,0.10356082527556609
3,Tienda_16,0.04926505234900417
4,Tienda_16,0.10564852032417626
5,Tienda_16,0.14120966343389327
6,Tienda_16,0.22575985870502413
7,Tienda_16,0.21252526924014564
8,Tienda_16,0.22644625995992787
9,Tienda_16,0.3506346224578423
10,Tienda_16,0.4163300809396095
11,Tienda_16,0.49896598722881197
12,Tienda_16,0.45621566015749826
13,Tienda_16,0.5589717968324871
14,Tienda_16,0.4880632057287186
15,Tienda_16,0.4958871014406161
16,Tienda_16,0.693220458568384
17,Tienda_16,0.7759000360220073
18,Tienda_16,0.7309826895407446
19,Tienda_16,0.8534025611174152
20,Tienda_16,1.0
21,Tienda_16,0.8673480167888131
22,Tienda_16,0.9368439152121842
23,Tienda_16,0.8596323493323879
24,Tienda_16,0.9036910173039524
1,Tienda_17,0.0
2,Tienda_17,0.016106275360214722
3,Tienda_17,0.09676372730960865
4,Tienda_17,0.13043454208864583
5,Tienda_17,0.17073617462549373
6,Tienda_17,0.2406748892556177
7,Tienda_17,0.22694326438003035
8,Tienda_17,0.2849752775595762
9,Tienda_17,0.2657775530923891
10,Tienda_17,0.4386928953696088
11,Tienda_17,0.43545013071186145
12,Tienda_17,0.4457522545677406
13,Tienda_17,0.4683927163104335
14,Tienda_17,0.4504905344631766
15,Tienda_17,0.6047813293392975
16,Tienda_17,0.6531899793322379
17,Tienda_17,0.6251381649925302
18,Tienda_17,0.6823617849899463
19,Tienda_17,0.697225302833048
20,Tienda_17,0.7903387226562416
21,Tienda_17,0.8285914077135333
22,Tienda_17,0.769293096839008
23,Tienda_17,0.8191208195480979
24,Tienda_17,1.0
1,Tienda_18,0.0
2,Tienda_18,0.06685092733103203
3,Tienda_18,0.04903851046465947
4,Tienda_18,0.08499446936368205
5,Tienda_18,0.1480020079734493
6,Tienda_18,0.1854921031848252
7,Tienda_18,0.29209876514530514
8,Tienda_18,0.33806652648643143
9,Tienda_18,0.33584875831806826
10,Tienda_18,0.5052666373355984
11,Tienda_18,0.38402110316041277
12,Tienda_18,0.4426099954924232
13,Tienda_18,0.33812592035832595
14,Tienda_18,0.45122746733111785
15,Tienda_18,0.5544310218076023
16,Tienda_18,0.5194122310740381
17,Tienda_18,0.697956915656698
18,Tienda_18,0.8500622259396926
19,Tienda_18,0.7281752986859709
20,Tienda_18,0.9925058838557567
21,Tienda_18,0.7826111318910483
22,Tienda_18,0.9292439543206907
23,Tienda_18,0.8953915960115473
24,Tienda_18,1.0
1,Tienda_19,0.0
2,Tienda_19,0.06275672251507217
3,Tienda_19,0.12595605157103693
4,Tienda_19,0.17721902659207703
5,Tienda_19,0.20163022270453618
6,Tienda_19,0.2803233925437773
7,Tienda_19,0.26882372300206175
8,Tienda_19,0.29787110194543287
9,Tienda_19,0.26970493850083344
10,Tienda_19,0.40351690829209014
11,Tienda_19,0.43087116574546375
12,Tienda_19,0.5242990710551186
13,Tienda_19,0.38254020335976513
14,Tienda_19,0.5171950525452538
15,Tienda_19,0.6159277460779171
16,Tienda_19,0.6229499636840758
17,Tienda_19,0.5958082763845073
18,Tienda_19,0.7731839512007982
19,Tienda_19,0.6622824506494861
20,Tienda_19,0.7125193443030902
21,Tienda_19,0.7616529589003302
22,Tienda_19,1.0
23,Tienda_19,0.815004530208839
24,Tienda_19,0.8446113347959513
1,Tienda_20,0.0
2,Tienda_20,0.12572727694967953
3,Tienda_20,0.12526890366234258
4,Tienda_20,0.17388268485855982
5,Tienda_20,0.274466131947338
6,Tienda_20,0.21360495390685896
7,Tienda_20,0.3512250507664165
8,Tienda_20,0.3404073787815238
9,Tienda_20,0.3990268034869317
10,Tienda_20,0.4082153943131403
11,Tienda_20,0.3920208766641827
12,Tienda_20,0.46580106634885515
13,Tienda_20,0.4966723262297573
14,Tienda_20,0.575351158475703
15,Tienda_20,0.6002602847502435
16,Tienda_20,0.665691418195836
17,Tienda_20,0.7988487821919349
18,Tienda_20,0.6537259336394651
19,Tienda_20,0.8096705344230765
20,Tienda_20,0.8365719247085057
21,Tienda_20,0.8752195576737314
22,Tienda_20,0.9481018558378184
23,Tienda_20,1.0
24,Tienda_20,0.8391292056875492
1,Tienda_21,0.014455383080705266
2,Tienda_21,0.0
3,Tienda_21,0.09028858349558652
4,Tienda_21,0.16029075915963722
5,Tienda_21,0.13167926718396278
6,Tienda_21,0.19518681901142532
7,Tienda_21,0.2558554653683222
8,Tienda_21,0.3208477294021409
9,Tienda_21,0.46545412239833894
10,Tienda_21,0.34980679661145764
11,Tienda_21,0.43999165244783306
12,Tienda_21,0.4744293842254363
13,Tienda_21,0.538530052713326
14,Tienda_21,0.5360388745861575
15,Tienda_21,0.5551098825934266
16,Tienda_21,0.6229643757174075
17,Tienda_21,0.6406223939282888
18,Tienda_21,0.6652100347972854
19,Tienda_21,0.7687938650566344
20,Tienda_21,0.8118084464435931
21,Tienda_21,0.8323299938557273
22,Tienda_21,1.0
23,Tienda_21,0.577657109732965
24,Tienda_21,0.7884644154618279
1,Tienda_22,0.0
2,Tienda_22,0.016436388945718354
3,Tienda_22,0.08915778333099149
4,Tienda_22,0.13089286320724097
5,Tienda_22,0.25032573076439624
6,Tienda_22,0.13416243330829739
7,Tienda_22,0.2228217501326562
8,Tienda_22,0.2722152966085734
9,Tienda_22,0.29236629905990535
10,Tienda_22,0.4088882577504002
11,Tienda_22,0.46768495413624833
12,Tienda_22,0.54330597323259
13,Tienda_22,0.4995829013910336
14,Tienda_22,0.5350522351853189
15,Tienda_22,0.6170503188546832
16,Tienda_22,0.6406401730552829
17,Tienda_22,0.6580922168865665
18,Tienda_22,0.7594819106385977
19,Tienda_22,0.7160944112145993
20,Tienda_22,0.6932181399015428
21,Tienda_22,0.7537795600098073
22,Tienda_22,0.5421855920240256
23,Tienda_22,0.8151246954324171
24,Tienda_22,1.0
1,Tienda_23,0.0
2,Tienda_23,0.0030225326288407938
3,Tienda_23,0.007797819139059273
4,Tienda_23,0.09456537960601523
5,Tienda_23,0.0816741402923604
6,Tienda_23,0.11840806679654821
7,Tienda_23,0.1951409319277893
8,Tienda_23,0.2722273588564838
9,Tienda_23,0.3418299110661351
10,Tienda_23,0.43275597610760436
11,Tienda_23,0.3982620276832385
12,Tienda_23,0.44495607484758387
13,Tienda_23,0.37186988858051306
14,Tienda_23,0.5255859042152395
15,Tienda_23,0.4795485363483758
16,Tienda_23,0.46611190181929074
17,Tienda_23,0.5094510341347214
18,Tienda_23,0.7026882938304062
19,Tienda_23,0.9154500267498482
20,Tienda_23,0.7171620727349236
21,Tienda_23,0.7561034417423468
22,Tienda_23,0.7373742790509907
23,Tienda_23,0.6374088905251241
24,Tienda_23,1.0
1,Tienda_24,0.0
2,Tienda_24,0.10715806850420756
3,Tienda_24,0.19613991737242917
4,Tienda_24,0.2251045912043685
5,Tienda_24,0.30538156644621134
6,Tienda_24,0.2826034567479311
7,Tienda_24,0.36866588533787037
8,Tienda_24,0.318142813614685
9,Tienda_24,0.4401267811858712
10,Tienda_24,0.3976741109945569
11,Tienda_24,0.4786016892890207
12,Tienda_24,0.6489428505671168
13,Tienda_24,0.5391861721771474
14,Tienda_24,0.7222606988897514
15,Tienda_24,0.6876827279755333
16,Tienda_24,0.7403470680476701
17,Tienda_24,0.7336114887278861
18,Tienda_24,0.7929900164615733
19,Tienda_24,0.8407791531215127
20,Tienda_24,0.9644306859140892
21,Tienda_24,0.8905928217022582
22,Tienda_24,0.8981516902329229
23,Tienda_24,0.9746170471963868
24,Tienda_24,1.0
1,Tienda_25,0.0
2,Tienda_25,0.11955608656378576
3,Tienda_25,0.1235625092132627
4,Tienda_25,0.16460795860888136
5,Tienda_25,0.20334684977933673
6,Tienda_25,0.19088631220707925
7,Tienda_25,0.2627515880441537
8,Tienda_25,0.38583660188421093
9,Tienda_25,0.3444281700695786
10,Tienda_25,0.33127331382114966
11,Tienda_25,0.40802087436603973
12,Tienda_25,0.5632094660144943
13,Tienda_25,0.6008881413350569
14,Tienda_25,0.628351730161959
15,Tienda_25,0.6437082403569828
16,Tienda_25,0.627590008720079
17,Tienda_25,0.7050751779209342
18,Tienda_25,0.7509048796849166
19,Tienda_25,0.7423046391904685
20,Tienda_25,0.889536677739867
21,Tienda_25,0.9048474865914025
22,Tienda_25,0.9425683962854591
23,Tienda_25,0.8858992126853262
24,Tienda_25,1.0
1,Tienda_26,0.0
2,Tienda_26,0.07152512377829871
3,Tienda_26,0.13857724058062693
4,Tienda_26,0.10905828244341444
5,Tienda_26,0.1697352563929597
6,Tienda_26,0.18957502175182314
7,Tienda_26,0.2775787525732786
8,Tienda_26,0.2997123186210256
9,Tienda_26,0.442660411912005
10,Tienda_26,0.4490213409432391
11,Tienda_26,0.4698562326969877
12,Tienda_26,0.6023199234494646
13,Tienda_26,0.6283768437143737
14,Tienda_26,0.6297632530972351
15,Tienda_26,0.6921261632201611
16,Tienda_26,0.589885026777513
17,Tienda_26,0.6875827277462483
18,Tienda_26,0.6796938248379146
19,Tienda_26,0.7457763762733988
20,Tienda_26,0.5503652343919684
21,Tienda_26,0.973937670500799
22,Tienda_26,0.8862692710543164
23,Tienda_26,1.0
24,Tienda_26,0.9958551166167808
1,Tienda_27,0.0
2,Tienda_27,0.09837226846893901
3,Tienda_27,0.07490659838531852
4,Tienda_27,0.2044188230656546
5,Tienda_27,0.15142143689539292
6,Tienda_27,0.1819362174863954
7,Tienda_27,0.2732441543289859
8,Tienda_27,0.2940017602750863
9,Tienda_27,0.4081346326717325
10,Tienda_27,0.38563773135260687
11,Tienda_27,0.46126778333436513
12,Tienda_27,0.450177427129472
13,Tienda_27,0.48620447414019946
14,Tienda_27,0.5628110141374555
15,Tienda_27,0.6136179271332792
16,Tienda_27,0.6767485823100113
17,Tienda_27,0.704565862878556
18,Tienda_27,0.6289965283518288
19,Tienda_27,0.7807573964254733
20,Tienda_27,0.8034268995198103
21,Tienda_27,0.761958086288333
22,Tienda_27,0.8746327318039077
23,Tienda_27,0.9057305049416614
24,Tienda_27,1.0
1,Tienda_28,0.019562566740442593
2,Tienda_28,0.0
3,Tienda_28,0.037213353354763196
4,Tienda_28,0.12449748380532566
5,Tienda_28,0.15707495753827175
6,Tienda_28,0.24712752107021826
7,Tienda_28,0.2784912978263568
8,Tienda_28,0.32863332215641267
9,Tienda_28,0.4610242374731327
10,Tienda_28,0.4733923740058101
11,Tienda_28,0.3847852607194627
12,Tienda_28,0.6587674490932577
13,Tienda_28,0.7192560761688341
14,Tienda_28,0.49430093936759734
15,Tienda_28,0.717452669298005
16,Tienda_28,0.8083515495829139
17,Tienda_28,0.8785033553078767
18,Tienda_28,0.6340178849719789
19,Tienda_28,0.8448225870060285
20,Tienda_28,0.8676874234228578
21,Tienda_28,0.945040770416725
22,Tienda_28,0.8967942503750964
23,Tienda_28,0.784842578055675
24,Tienda_28,1.0
1,Tienda_29,0.0
2,Tienda_29,0.06828036751792602
3,Tienda_29,0.10817924421845264
4,Tienda_29,0.13491557269221127
5,Tienda_29,0.15292327841764394
6,Tienda_29,0.23690164918760037
7,Tienda_29,0.25330020547453785
8,Tienda_29,0.23743696194542058
9,Tienda_29,0.3834186700493917
10,Tienda_29,0.3679715735740328
11,Tienda_29,0.46935275173589314
12,Tienda_29,0.40797415347753724
13,Tienda_29,0.5910247383122806
14,Tienda_29,0.4882075682165503
15,Tienda_29,0.5060616236921529
16,Tienda_29,0.639828887148691
17,Tienda_29,0.554155513645388
18,Tienda_29,0.6739602530165593
19,Tienda_29,0.8000103816540021
20,Tienda_29,0.6400562457904095
21,Tienda_29,1.0
22,Tienda_29,0.8855413580600572
23,Tienda_29,0.7900348912255154
24,Tienda_29,0.7492367668659429
1,Tienda_30,0.0
2,Tienda_30,0.02650611801650826
3,Tienda_30,0.09570760204044794
4,Tienda_30,0.12252674485402641
5,Tienda_30,0.21103001706763158
6,Tienda_30,0.26640432658348917
7,Tienda_30,0.21078202434048773
8,Tienda_30,0.2939164950391128
9,Tienda_30,0.29639724179097143
10,Tienda_30,0.41381727397303686
11,Tienda_30,0.41608995309071023
12,Tienda_30,0.4292545484086992
13,Tienda_30,0.44984775489650175
14,Tienda_30,0.5399553578142168
15,Tienda_30,0.5028640351650203
16,Tienda_30,0.6519048425542467
17,Tienda_30,0.6725817946337843
18,Tienda_30,0.5257789713090443
19,Tienda_30,0.7039686838754596
20,Tienda_30,0.898239503579036
21,Tienda_30,0.7408139511969921
22,Tienda_30,0.9627008498767672
23,Tienda_30,0.8124341067334439
24,Tienda_30,1.0
1,Tienda_31,0.0
2,Tienda_31,0.05941484127791414
3,Tienda_31,0.09006865917809603
4,Tienda_31,0.1108366547735739
5,Tienda_31,0.1680944444229923
6,Tienda_31,0.20195986473271366
7,Tienda_31,0.2834063709806457
8,Tienda_31,0.19330668251540928
9,Tienda_31,0.26247541232147775
10,Tienda_31,0.34959325912467115
11,Tienda_31,0.429081059115456
12,Tienda_31,0.5009625339748642
13,Tienda_31,0.5907402547007464
14,Tienda_31,0.4303546211276707
15,Tienda_31,0.7100935101901354
16,Tienda_31,0.5238638512203082
17,Tienda_31,0.6444451802505153
18,Tienda_31,0.773749535964569
19,Tienda_31,0.9631275723737808
20,Tienda_31,0.7672868224147192
21,Tienda_31,0.8195337526867931
22,Tienda_31,0.9129693154591979
23,Tienda_31,1.0
24,Tienda_31,0.8834154587446051
1,Tienda_32,0.027933043502199346
2,Tienda_32,0.0
3,Tienda_32,0.09462223580455133
4,Tienda_32,0.1267091812130546
5,Tienda_32,0.16286829897232913
6,Tienda_32,0.2622434938572176
7,Tienda_32,0.24969372791877786
8,Tienda_32,0.2729729697618464
9,Tienda_32,0.37522744532319
10,Tienda_32,0.4332387931889539
11,Tienda_32,0.4043316132211699
12,Tienda_32,0.4357244983861728
13,Tienda_32,0.4101822879072542
14,Tienda_32,0.5201981230300292
15,Tienda_32,0.6022967560655091
16,Tienda_32,0.5900088026539485
17,Tienda_32,0.5055633049830522
18,Tienda_32,0.5972514676951729
19,Tienda_32,0.5865834554498862
20,Tienda_32,0.809369043409673
21,Tienda_32,0.8225258247919731
22,Tienda_32,0.6875702910631715
23,Tienda_32,1.0
24,Tienda_32,0.9414974350342311
1,Tienda_33,0.0
2,Tienda_33,0.004550867100091908
3,Tienda_33,0.07771754798799578
4,Tienda_33,0.14999107050364063
5,Tienda_33,0.1755196800031418
6,Tienda_33,0.09135922033952716
7,Tienda_33,0.21528113884219227
8,Tienda_33,0.27447179049448944
9,Tienda_33,0.25867835097754033
10,Tienda_33,0.31262183284562767
11,Tienda_33,0.41436723475367
12,Tienda_33,0.5071642981442938
13,Tienda_33,0.5112896248722562
14,Tienda_33,0.6026940025675188
15,Tienda_33,0.5258984024729931
16,Tienda_33,0.5786158139326262
17,Tienda_33,0.47168983372879
18,Tienda_33,0.6761851715624428
19,Tienda_33,0.7174744250993889
20,Tienda_33,0.7503982948893548
21,Tienda_33,0.7367986638384338
22,Tienda_33,0.7400840389772784
23,Tienda_33,0.8339042113340501
24,Tienda_33,1.0
1,Tienda_34,0.0
2,Tienda_34,0.08436324587378984
3,Tienda_34,0.16238670452770976
4,Tienda_34,0.14002955928475105
5,Tienda_34,0.21272309686571025
6,Tienda_34,0.2580671980598591
7,Tienda_34,0.21417067421262115
8,Tienda_34,0.3784612679234891
9,Tienda_34,0.44907074845536965
10,Tienda_34,0.5255420516223416
11,Tienda_34,0.39258858886970577
12,Tienda_34,0.4902052367495774
13,Tienda_34,0.5433058058304046
14,Tienda_34,0.5866713582144524
15,Tienda_34,0.5465389694212318
16,Tienda_34,0.5620890166882951
17,Tienda_34,0.6806395916518716
18,Tienda_34,0.6810840903824136
19,Tienda_34,0.79153442616219
20,Tienda_34,0.7936173146931964
21,Tienda_34,0.8702300005036985
22,Tienda_34,1.0
23,Tienda_34,0.9158255253253129
24,Tienda_34,0.9922974563547421
1,Tienda_35,0.0
2,Tienda_35,0.018463757926681066
3,Tienda_35,0.13779910300009257
4,Tienda_35,0.11390425325926462
5,Tienda_35,0.08973836887377784
6,Tienda_35,0.18203889341131033
7,Tienda_35,0.22448601864299705
8,Tienda_35,0.20974106439946866
9,Tienda_35,0.26033431576524513
10,Tienda_35,0.356555827743178
11,Tienda_35,0.5421930165438062
12,Tienda_35,0.5227236914561455
13,Tienda_35,0.4921621299285295
14,Tienda_35,0.5012848565254022
15,Tienda_35,0.5003632391647966
16,Tienda_35,0.6934275554780336
17,Tienda_35,0.6625651295207271
18,Tienda_35,0.6547571241094569
19,Tienda_35,0.7519575230738946
20,Tienda_35,0.7965045668816227
21,Tienda_35,0.9449356562706553
22,Tienda_35,0.8287929204960837
23,Tienda_35,0.7930262614498129
24,Tienda_35,1.0
1,Tienda_36,0.0
2,Tienda_36,0.04949782204064956
3,Tienda_36,0.1403617943840286
4,Tienda_36,0.15952029511989171
5,Tienda_36,0.14347484954881318
6,Tienda_36,0.22708073198336
7,Tienda_36,0.20796379761403852
8,Tienda_36,0.29761533299982573
9,Tienda_36,0.2980273279081677
10,Tienda_36,0.341199781393662
11,Tienda_36,0.35309662051792723
12,Tienda_36,0.35615681946917127
13,Tienda_36,0.475219842554634
14,Tienda_36,0.5563368737612544
15,Tienda_36,0.6198897577130387
16,Tienda_36,0.8175842338977027
17,Tienda_36,0.5347575424860533
18,Tienda_36,0.5608142316731841
19,Tienda_36,0.6468090741194347
20,Tienda_36,0.7235583545196125
21,Tienda_36,0.7025174333921588
22,Tienda_36,0.770840759856005
23,Tienda_36,0.9089559404543742
24,Tienda_36,1.0
1,Tienda_37,0.0
2,Tienda_37,0.05259418422547665
3,Tienda_37,0.08749364668289827
4,Tienda_37,0.09407463641679085
5,Tienda_37,0.18925705602297607
6,Tienda_37,0.15742986640793122
7,Tienda_37,0.21511218848294494
8,Tienda_37,0.2957934582929301
9,Tienda_37,0.39765023617145084
10,Tienda_37,0.3566006002378386
11,Tienda_37,0.33705606414911865
12,Tienda_37,0.6255811844769895
13,Tienda_37,0.5800311171704602
14,Tienda_37,0.6147223139043677
15,Tienda_37,0.5782684787819989
16,Tienda_37,0.7888398391871548
17,Tienda_37,0.8223283379056759
18,Tienda_37,0.789077332959305
19,Tienda_37,0.8249487848687526
20,Tienda_37,0.9560325126022019
21,Tienda_37,1.0
22,Tienda_37,0.9632821849432913
23,Tienda_37,0.9150425372766485
24,Tienda_37,0.9296980765720553
1,Tienda_38,0.0
2,Tienda_38,0.004834117519123542
3,Tienda_38,0.049352012996072656
4,Tienda_38,0.04532555341751614
5,Tienda_38,0.18307535967070554
6,Tienda_38,0.20555839700000608
7,Tienda_38,0.21108322221224296
8,Tienda_38,0.12879971438500765
9,Tienda_38,0.356073293154212
10,Tienda_38,0.27551336067815224
11,Tienda_38,0.3751067920857475
12,Tienda_38,0.3499280118657448
13,Tienda_38,0.4292628400631881
14,Tienda_38,0.4497375573869991
15,Tienda_38,0.5380863020481771
16,Tienda_38,0.5532494734201944
17,Tienda_38,0.7451550233178964
18,Tienda_38,0.8302763977911037
19,Tienda_38,0.6541692815045798
20,Tienda_38,0.8037098497278512
21,Tienda_38,0.9467376142616156
22,Tienda_38,0.8563417542472465
23,Tienda_38,1.0
24,Tienda_38,0.8591785897597234
1,Tienda_39,0.0
2,Tienda_39,0.03678406281519295
3,Tienda_39,0.09613324868566289
4,Tienda_39,0.16053872091142488
5,Tienda_39,0.14152513032875708
6,Tienda_39,0.21616048698966003
7,Tienda_39,0.19054549648484406
8,Tienda_39,0.19927697834184302
9,Tienda_39,0.33178518511493665
10,Tienda_39,0.2736922640789803
11,Tienda_39,0.3763351669724808
12,Tienda_39,0.43896782762613423
13,Tienda_39,0.5130212594701855
14,Tienda_39,0.4386290203301982
15,Tienda_39,0.5845368825847194
16,Tienda_39,0.6539379765991147
17,Tienda_39,0.619967987611977
18,Tienda_39,0.78244569361163
19,Tienda_39,0.5286391503773111
20,Tienda_39,0.662398233162129
21,Tienda_39,0.7725106885070064
22,Tienda_39,0.7805535426283963
23,Tienda_39,0.8007272291249116
24,Tienda_39,1.0
1,Tienda_40,0.0
2,Tienda_40,0.047954271367221565
3,Tienda_40,0.017062305123063164
4,Tienda_40,0.11238436536736025
5,Tienda_40,0.06760414390949726
6,Tienda_40,0.14579467491418507
7,Tienda_40,0.19475422307915669
8,Tienda_40,0.2464571621555902
9,Tienda_40,0.26311880190734166
10,Tienda_40,0.3566576513984615
11,Tienda_40,0.400997340380022
12,Tienda_40,0.3836103374562822
13,Tienda_40,0.3518628059299176
14,Tienda_40,0.39184882070308164
15,Tienda_40,0.46101957509639646
16,Tienda_40,0.5973300176002174
17,Tienda_40,0.5640210774721004
18,Tienda_40,0.5328736873600434
19,Tienda_40,0.7671950229932232
20,Tienda_40,0.6853177452621078
21,Tienda_40,0.6151184781060188
22,Tienda_40,0.9146511732358569
23,Tienda_40,0.7441220015874287
24,Tienda_40,1.0
1,Tienda_41,0.0
2,Tienda_41,0.08312101823593916
3,Tienda_41,0.1126699274232408
4,Tienda_41,0.15022384898448912
5,Tienda_41,0.11219013866574369
6,Tienda_41,0.1542520487909527
7,Tienda_41,0.31624433026501086
8,Tienda_41,0.25575430081848227
9,Tienda_41,0.33791434941067733
10,Tienda_41,0.33911606178341874
11,Tienda_41,0.49225972263647333
12,Tienda_41,0.49295558816727514
13,Tienda_41,0.39786493650806765
14,Tienda_41,0.562556858045882
15,Tienda_41,0.5790393280433046
16,Tienda_41,0.6215302351881574
17,Tienda_41,0.5807309247717618
18,Tienda_41,0.7367050290911957
19,Tienda_41,0.7821423126136032
20,Tienda_41,0.8326639915717386
21,Tienda_41,0.7419365904739006
22,Tienda_41,0.6406646685083286
23,Tienda_41,0.9951891925460457
24,Tienda_41,1.0
1,Tienda_42,0.064846951178644
2,Tienda_42,0.0
3,Tienda_42,0.1265645390196207
4,Tienda_42,0.12354624703334165
5,Tienda_42,0.23704118512778496
6,Tienda_42,0.24205450812792081
7,Tienda_42,0.31298362488255543
8,Tienda_42,0.2250717027329087
9,Tienda_42,0.24559959156034974
10,Tienda_42,0.35704465748165526
11,Tienda_42,0.38051384266680416
12,Tienda_42,0.5513458076133395
13,Tienda_42,0.424740499277727
14,Tienda_42,0.780394924193213
15,Tienda_42,0.7062110407775436
16,Tienda_42,0.6432182586912276
17,Tienda_42,0.6284780590830646
18,Tienda_42,0.8624566085603762
19,Tienda_42,0.8827395297844548
20,Tienda_42,0.8490196601342452
21,Tienda_42,0.7863273922485613
22,Tienda_42,0.9548062681249644
23,Tienda_42,0.7318653279665146
24,Tienda_42,1.0
1,Tienda_43,0.0
2,Tienda_43,0.021444430222426356
3,Tienda_43,0.08094546136502796
4,Tienda_43,0.13085689309867327
5,Tienda_43,0.1418332491009414
6,Tienda_43,0.32444576120932833
7,Tienda_43,0.23914254867448598
8,Tienda_43,0.2613763413579453
9,Tienda_43,0.4031368270387098
10,Tienda_43,0.3553819035755128
11,Tienda_43,0.38022700553173744
12,Tienda_43,0.5636363022168233
13,Tienda_43,0.5794751811254054
14,Tienda_43,0.48560561641971456
15,Tienda_43,0.7177254250078583
16,Tienda_43,0.6705795582206083
17,Tienda_43,0.641700626006673
18,Tienda_43,0.657001978105878
19,Tienda_43,0.92040849223176
20,Tienda_43,0.85295401840203
21,Tienda_43,1.0
22,Tienda_43,0.9578223939791725
23,Tienda_43,0.9639890897514874
24,Tienda_43,0.942411007585037
1,Tienda_44,0.0
2,Tienda_44,0.053019455691556173
3,Tienda_44,0.06742447837962716
4,Tienda_44,0.11734309098095211
5,Tienda_44,0.1151592436598925
6,Tienda_44,0.1711504319423078
7,Tienda_44,0.28405504916565855
8,Tienda_44,0.25753448997124206
9,Tienda_44,0.3648706882144648
10,Tienda_44,0.34582631992697416
11,Tienda_44,0.4132927703587994
12,Tienda_44,0.4235250308493356
13,Tienda_44,0.43047136319908713
14,Tienda_44,0.5345665295823141
15,Tienda_44,0.5610568338273593
16,Tienda_44,0.7436491489574522
17,Tienda_44,0.6018011277429818
18,Tienda_44,0.4246432977414732
19,Tienda_44,0.8086920789069979
20,Tienda_44,0.8178900244115322
21,Tienda_44,1.0
22,Tienda_44,0.9252008087942775
23,Tienda_44,0.8804953048294616
24,Tienda_44,0.7275395430613032
1,Tienda_45,0.0
2,Tienda_45,0.09012012205805335
3,Tienda_45,0.0604518253452745
4,Tienda_45,0.1795065000300938
5,Tienda_45,0.2535401478131307
6,Tienda_45,0.25203751251216666
7,Tienda_45,0.24440729168308126
8,Tienda_45,0.278533876646001
9,Tienda_45,0.38822651478862935
10,Tienda_45,0.4853209614420801
11,Tienda_45,0.5408482485941344
12,Tienda_45,0.49378217968027116
13,Tienda_45,0.6298597869337504
14,Tienda_45,0.5452916236125165
15,Tienda_45,0.5640210008618491
16,Tienda_45,0.622596239014097
17,Tienda_45,0.6188416449528199
18,Tienda_45,0.6828587238705855
19,Tienda_45,0.7151160214959886
20,Tienda_45,0.7741399517264124
21,Tienda_45,0.7876998122505915
22,Tienda_45,0.9715989670813653
23,Tienda_45,1.0
24,Tienda_45,0.9475389841762828
1,Tienda_46,0.023584592533665984
2,Tienda_46,0.03209135685014261
3,Tienda_46,0.0
4,Tienda_46,0.17266486898473535
5,Tienda_46,0.1251103884538478
6,Tienda_46,0.26436239582921467
7,Tienda_46,0.22918882480804317
8,Tienda_46,0.3127930921588441
9,Tienda_46,0.3732804274085548
10,Tienda_46,0.4206944942727393
11,Tienda_46,0.48632482574324787
12,Tienda_46,0.49428900661760006
13,Tienda_46,0.5172562581908363
14,Tienda_46,0.6634351125717437
15,Tienda_46,0.7444635874065781
16,Tienda_46,0.6245587670599929
17,Tienda_46,0.6453812064558402
18,Tienda_46,0.6353458833240314
19,Tienda_46,0.9452580219589584
20,Tienda_46,0.9089181781933595
21,Tienda_46,0.8668780110835991
22,Tienda_46,0.904768041416067
23,Tienda_46,1.0
24,Tienda_46,0.9659018653301381
1,Tienda_47,0.03692815097517689
2,Tienda_47,0.0
3,Tienda_47,0.05501218217231843
4,Tienda_47,0.08159210298210619
5,Tienda_47,0.0988269631347665
6,Tienda_47,0.11364807941823096
7,Tienda_47,0.17883426212776063
8,Tienda_47,0.21623593263695212
9,Tienda_47,0.3159869279056373
10,Tienda_47,0.3007022816687162
11,Tienda_47,0.3699103975453624
12,Tienda_47,0.43545440488300274
13,Tienda_47,0.43252180575995
14,Tienda_47,0.5048630319132242
15,Tienda_47,0.4890491817562749
16,Tienda_47,0.6924143581724683
17,Tienda_47,0.5554040976158412
18,Tienda_47,0.5662974397005124
19,Tienda_47,0.7208636695728271
20,Tienda_47,0.7401986111531832
21,Tienda_47,0.7223411018843381
22,Tienda_47,1.0
23,Tienda_47,0.868140481183454
24,Tienda_47,0.8651146704325073
1,Tienda_48,0.0
2,Tienda_48,0.10582352311329522
3,Tienda_48,0.17665935132085092
4,Tienda_48,0.1942418525817969
5,Tienda_48,0.1988364296969649
6,Tienda_48,0.2683043112147425
7,Tienda_48,0.1902750402988217
8,Tienda_48,0.34017967759038986
9,Tienda_48,0.3639344745703181
10,Tienda_48,0.4289998026625135
11,Tienda_48,0.4924579915138368
12,Tienda_48,0.5694359914623089
13,Tienda_48,0.617779952374275
14,Tienda_48,0.5018927580510962
15,Tienda_48,0.6117807963768448
16,Tienda_48,0.6877294338703321
17,Tienda_48,0.5624223673227573
18,Tienda_48,0.7460296723610108
19,Tienda_48,0.7988950827399691
20,Tienda_48,0.7212028622311185
21,Tienda_48,0.8326983160182355
22,Tienda_48,0.8853492407017005
23,Tienda_48,0.8446260269643391
24,Tienda_48,1.0
1,Tienda_49,0.0
2,Tienda_49,0.04052381545789904
3,Tienda_49,0.052946376000084214
4,Tienda_49,0.11402407099502349
5,Tienda_49,0.09055867598202823
6,Tienda_49,0.11344723915646203
7,Tienda_49,0.21269949525767445
8,Tienda_49,0.36358073698259896
9,Tienda_49,0.32295875358732345
10,Tienda_49,0.3239943156347604
11,Tienda_49,0.303911910393748
12,Tienda_49,0.3782545773187909
13,Tienda_49,0.4948632538165214
14,Tienda_49,0.6655083018982165
15,Tienda_49,0.4612268431632627
16,Tienda_49,0.7429888381762786
17,Tienda_49,0.8166216934123413
18,Tienda_49,0.8404118705603635
19,Tienda_49,0.890764410862227
20,Tienda_49,0.818786807388888
21,Tienda_49,0.7863278870920977
22,Tienda_49,1.0
23,Tienda_49,0.8746252791142881
24,Tienda_49,0.7775791917916708
1,Tienda_50,0.0
2,Tienda_50,0.062271801798188677
3,Tienda_50,0.1526464160576954
4,Tienda_50,0.09837735609776269
5,Tienda_50,0.24549177165910868
6,Tienda_50,0.1145859223382472
7,Tienda_50,0.2890440306462195
8,Tienda_50,0.12785942457057495
9,Tienda_50,0.3407706776996317
10,Tienda_50,0.36997053168729027
11,Tienda_50,0.32120509965238503
12,Tienda_50,0.4471068593793393
13,Tienda_50,0.4682354921837839
14,Tienda_50,0.4154398295491728
15,Tienda_50,0.5102473050075894
16,Tienda_50,0.6590935485781679
17,Tienda_50,0.7494722810817729
18,Tienda_50,0.7144225419392652
19,Tienda_50,0.6586116321105898
20,Tienda_50,0.8192771356602085
21,Tienda_50,0.8118647828825667
22,Tienda_50,0.75468335781302
23,Tienda_50,0.9359146146006722
24,Tienda_50,1.0
1,Tienda_51,0.029931711828508296
2,Tienda_51,0.0
3,Tienda_51,0.10553701401005915
4,Tienda_51,0.18399864162612597
5,Tienda_51,0.16364083969037949
6,Tienda_51,0.21964948301614692
7,Tienda_51,0.31579431659078055
8,Tienda_51,0.27674720582258217
9,Tienda_51,0.3644032065268065
10,Tienda_51,0.3735823840124654
11,Tienda_51,0.45909637630636324
12,Tienda_51,0.34040419555341084
13,Tienda_51,0.5241509530448313
14,Tienda_51,0.5201738632675351
15,Tienda_51,0.5892180260822658
16,Tienda_51,0.6500434769072274
17,Tienda_51,0.6244102367869544
18,Tienda_51,0.6978846145563949
19,Tienda_51,0.721178494732739
20,Tienda_51,0.7601232082766184
21,Tienda_51,0.9681162020721333
22,Tienda_51,0.8967053869798721
23,Tienda_51,1.0
24,Tienda_51,0.8767001240108901
1,Tienda_52,0.0
2,Tienda_52,0.05287329291093407
3,Tienda_52,0.08435017524490097
4,Tienda_52,0.1850113898943532
5,Tienda_52,0.18207976248598953
6,Tienda_52,0.2791212410994572
7,Tienda_52,0.24466110191091844
8,Tienda_52,0.3573466180815723
9,Tienda_52,0.27930124803724016
10,Tienda_52,0.2839578651453235
11,Tienda_52,0.4278953939584764
12,Tienda_52,0.456727657191505
13,Tienda_52,0.5980334126967992
14,Tienda_52,0.5934010663311134
15,Tienda_52,0.7220146809026273
16,Tienda_52,0.5925804257167471
17,Tienda_52,0.5846492904765034
18,Tienda_52,0.5637568354369767
19,Tienda_52,0.7105158688034283
20,Tienda_52,0.7510132032688821
21,Tienda_52,0.6374698769549187
22,Tienda_52,0.92486094132674
23,Tienda_52,1.0
24,Tienda_52,0.7316330186314107
1,Tienda_53,0.0
2,Tienda_53,0.05756982311528808
3,Tienda_53,0.08700687771304155
4,Tienda_53,0.11983710708911001
5,Tienda_53,0.17250831532436173
6,Tienda_53,0.23084079004804872
7,Tienda_53,0.24791653095860122
8,Tienda_53,0.37348941739736036
9,Tienda_53,0.39595297254544337
10,Tienda_53,0.4012246404236839
11,Tienda_53,0.5910506154210684
12,Tienda_53,0.5167103703741338
13,Tienda_53,0.40751183557844395
14,Tienda_53,0.5192983943910385
15,Tienda_53,0.6795952878169947
16,Tienda_53,0.6279183483065435
17,Tienda_53,0.6929589768921125
18,Tienda_53,0.749750161370476
19,Tienda_53,0.7602261018896626
20,Tienda_53,1.0
21,Tienda_53,0.883232578155158
22,Tienda_53,0.7903789543259939
23,Tienda_53,0.8872936474296284
24,Tienda_53,0.98099189596866
1,Tienda_54,0.02977593643989185
2,Tienda_54,0.0
3,Tienda_54,0.07773654794801979
4,Tienda_54,0.12755820245819616
5,Tienda_54,0.19105531238489223
6,Tienda_54,0.28563880759191784
7,Tienda_54,0.2877287746173411
8,Tienda_54,0.2822758340631058
9,Tienda_54,0.4236125673074274
10,Tienda_54,0.3790294468847541
11,Tienda_54,0.5563849063286584
12,Tienda_54,0.546692861530275
13,Tienda_54,0.5310533122914094
14,Tienda_54,0.5257200641551785
15,Tienda_54,0.6629879367155058
16,Tienda_54,0.6804223411348859
17,Tienda_54,0.7214684792923106
18,Tienda_54,0.8821279858144345
19,Tienda_54,0.7783713418913621
20,Tienda_54,0.9216904928729229
21,Tienda_54,1.0
22,Tienda_54,0.8499830425858914
23,Tienda_54,0.9273355247303099
24,Tienda_54,0.9307640459945715
1,Tienda_55,0.0
2,Tienda_55,0.09956875447897377
3,Tienda_55,0.0708706590623085
4,Tienda_55,0.1275711498259456
5,Tienda_55,0.18247061768082334
6,Tienda_55,0.1684880847475762
7,Tienda_55,0.3520498760215834
8,Tienda_55,0.27012429420833994
9,Tienda_55,0.1873848217900186
10,Tienda_55,0.36272658943677544
11,Tienda_55,0.4128799367904264
12,Tienda_55,0.4828296029379051
13,Tienda_55,0.3481732994471743
14,Tienda_55,0.4479201926797993
15,Tienda_55,0.46266246272777406
16,Tienda_55,0.5716409057948093
17,Tienda_55,0.615741789244093
18,Tienda_55,0.5761385989027169
19,Tienda_55,0.663634036034468
20,Tienda_55,0.7438501132785016
21,Tienda_55,0.7695975307730505
22,Tienda_55,0.5395406633547098
23,Tienda_55,0.7121365279124726
24,Tienda_55,1.0
1,Tienda_56,0.0
2,Tienda_56,0.046163045067448394
3,Tienda_56,0.08411393183275385
4,Tienda_56,0.14362526591161948
5,Tienda_56,0.1633388885379823
6,Tienda_56,0.11719483152507458
7,Tienda_56,0.24310085389941233
8,Tienda_56,0.32393721821299176
9,Tienda_56,0.3264863737350091
10,Tienda_56,0.3225236012606726
11,Tienda_56,0.37990394846399395
12,Tienda_56,0.3796040528831082
13,Tienda_56,0.5832760959846494
14,Tienda_56,0.5180693473410818
15,Tienda_56,0.5042873513510285
16,Tienda_56,0.49371957828735336
17,Tienda_56,0.7033663727292834
18,Tienda_56,0.6589519196530926
19,Tienda_56,0.561884658287998
20,Tienda_56,0.8142605398873064
21,Tienda_56,0.6926131516884821
22,Tienda_56,0.9766064839024364
23,Tienda_56,0.7653770951553488
24,Tienda_56,1.0
1,Tienda_57,0.0
2,Tienda_57,0.09135733718483029
3,Tienda_57,0.054823662009862585
4,Tienda_57,0.07516162542187181
5,Tienda_57,0.18446042759450337
6,Tienda_57,0.22832579839247202
7,Tienda_57,0.2854422048708859
8,Tienda_57,0.36732893731637944
9,Tienda_57,0.26328128460079303
10,Tienda_57,0.4010459077715674
11,Tienda_57,0.5130876846041963
12,Tienda_57,0.3632180075328081
13,Tienda_57,0.6928435119932108
14,Tienda_57,0.5442730178958698
15,Tienda_57,0.6651284766941955
16,Tienda_57,0.4847708510350012
17,Tienda_57,0.5886570181768517
18,Tienda_57,0.8736045829623288
19,Tienda_57,0.7190324670934295
20,Tienda_57,0.9908422123273934
21,Tienda_57,0.8170814097133675
22,Tienda_57,1.0
23,Tienda_57,0.9749692077444886
24,Tienda_57,0.9600809963774383
1,Tienda_58,0.0
2,Tienda_58,0.04443274431921241
3,Tienda_58,0.07451161376014198
4,Tienda_58,0.1357207788086104
5,Tienda_58,0.19581477353404542
6,Tienda_58,0.1962403591933037
7,Tienda_58,0.22848506939234958
8,Tienda_58,0.27144963009004064
9,Tienda_58,0.48564355887827854
10,Tienda_58,0.37472409570459914
11,Tienda_58,0.2832844977408839
12,Tienda_58,0.5220734066827394
13,Tienda_58,0.598532885948599
14,Tienda_58,0.6374932105602276
15,Tienda_58,0.6556082178538996
16,Tienda_58,0.7980773249372017
17,Tienda_58,0.7675893463662599
18,Tienda_58,0.7160694680952951
19,Tienda_58,0.7077366321884632
20,Tienda_58,0.8762273056280498
21,Tienda_58,0.9292669261624095
22,Tienda_58,0.7547544759231399
23,Tienda_58,0.8039214172036305
24,Tienda_58,1.0
1,Tienda_59,0.0
2,Tienda_59,0.07055907589248198
3,Tienda_59,0.07684989693812425
4,Tienda_59,0.17484139860620213
5,Tienda_59,0.14345955568769292
6,Tienda_59,0.20153707465854254
7,Tienda_59,0.24194554249727973
8,Tienda_59,0.2795042633393031
9,Tienda_59,0.3084940725385845
10,Tienda_59,0.38812427712373393
11,Tienda_59,0.4288840612659794
12,Tienda_59,0.467962572244579
13,Tienda_59,0.46701393514985734
14,Tienda_59,0.4586218535755217
15,Tienda_59,0.5858732310230137
16,Tienda_59,0.5826684638693113
17,Tienda_59,0.6319714706520516
18,Tienda_59,0.9005299059057849
19,Tienda_59,0.7911582933543826
20,Tienda_59,0.8753814248903475
21,Tienda_59,0.7826871725787661
22,Tienda_59,0.7787642906334289
23,Tienda_59,0.8574214593233611
24,Tienda_59,1.0
1,Tienda_60,0.0
2,Tienda_60,0.06830533893508857
3,Tienda_60,0.11970906538305635
4,Tienda_60,0.22173912878225657
5,Tienda_60,0.14411125049359605
6,Tienda_60,0.2599448789517605
7,Tienda_60,0.2813794274279958
8,Tienda_60,0.3187163122733321
9,Tienda_60,0.3862459547422477
10,Tienda_60,0.40676229790982804
11,Tienda_60,0.3566177640036181
12,Tienda_60,0.449650358053966
13,Tienda_60,0.5439573380023078
14,Tienda_60,0.46622504819871396
15,Tienda_60,0.4913688755897022
16,Tienda_60,0.5266125311790837
17,Tienda_60,0.6956992915684348
18,Tienda_60,0.5304070685321629
19,Tienda_60,0.5786154591016429
20,Tienda_60,0.75485113899238
21,Tienda_60,0.6899930411427078
22,Tienda_60,0.7343797998385873
23,Tienda_60,0.7890248180840432
24,Tienda_60,1.0
1,Tienda_61,0.0
2,Tienda_61,0.07048323767084977
3,Tienda_61,0.062314339185396556
4,Tienda_61,0.0714341760463239
5,Tienda_61,0.13575476868754205
6,Tienda_61,0.2539403480903452
7,Tienda_61,0.24767992587146423
8,Tienda_61,0.3291459648032448
9,Tienda_61,0.40117820235087565
10,Tienda_61,0.31813439103981017
11,Tienda_61,0.40480009435002
12,Tienda_61,0.3862191875341596
13,Tienda_61,0.4026326891552284
14,Tienda_61,0.5526999059395525
15,Tienda_61,0.6164778630383618
16,Tienda_61,0.47729231646688863
17,Tienda_61,0.6541629512700415
18,Tienda_61,0.5829303371552594
19,Tienda_61,0.7899738952737537
20,Tienda_61,0.7975737774871069
21,Tienda_61,0.8979712711921377
22,Tienda_61,0.9758024259953126
23,Tienda_61,0.8439844476383614
24,Tienda_61,1.0
1,Tienda_62,0.0
2,Tienda_62,0.054115635415449254
3,Tienda_62,0.1393834485349569
4,Tienda_62,0.14421357732677095
5,Tienda_62,0.1846552594933312
6,Tienda_62,0.2669462132506265
7,Tienda_62,0.23897779109187584
8,Tienda_62,0.363057129292265
9,Tienda_62,0.40725014763455575
10,Tienda_62,0.2801695690820445
11,Tienda_62,0.32537755593888606
12,Tienda_62,0.49279362507460545
13,Tienda_62,0.4690486695546364
14,Tienda_62,0.6711994295568574
15,Tienda_62,0.41835446824414
16,Tienda_62,0.585626649040343
17,Tienda_62,0.6323263461020607
18,Tienda_62,0.550424196435943
19,Tienda_62,0.645121453871523
20,Tienda_62,0.74059139876671
21,Tienda_62,0.8093032585710616
22,Tienda_62,0.7573977736013718
23,Tienda_62,1.0
24,Tienda_62,0.956587446626096
1,Tienda_63,0.0
2,Tienda_63,0.041605717234798355
3,Tienda_63,0.15860211382239855
4,Tienda_63,0.158562642414759
5,Tienda_63,0.16132147363453808
6,Tienda_63,0.22859905623318957
7,Tienda_63,0.31539054195752264
8,Tienda_63,0.24170338437998096
9,Tienda_63,0.26881358051693904
10,Tienda_63,0.411957324809824
11,Tienda_63,0.3608248213905284
12,Tienda_63,0.5181826227381249
13,Tienda_63,0.5200559453102218
14,Tienda_63,0.5799110716427799
15,Tienda_63,0.6148439188269265
16,Tienda_63,0.6242090497571203
17,Tienda_63,0.5857929667449109
18,Tienda_63,0.7276999864069247
19,Tienda_63,0.8018699108099266
20,Tienda_63,0.7426268794352909
21,Tienda_63,0.7807063806247586
22,Tienda_63,0.9436069891872814
23,Tienda_63,0.8742801096651642
24,Tienda_63,1.0
1,Tienda_64,0.0
2,Tienda_64,0.07441103032269226
3,Tienda_64,0.16102081557644946
4,Tienda_64,0.13236691113732252
5,Tienda_64,0.184181058697839
6,Tienda_64,0.23877939301289272
7,Tienda_64,0.24691614220825442
8,Tienda_64,0.33647448958149523
9,Tienda_64,0.32738307567698016
10,Tienda_64,0.3933937975640656
11,Tienda_64,0.45737905348020813
12,Tienda_64,0.4272525655404098
13,Tienda_64,0.5711145334368964
14,Tienda_64,0.4817521543027726
15,Tienda_64,0.577005443384865
16,Tienda_64,0.7832734787443599
17,Tienda_64,0.8639735664911476
18,Tienda_64,0.7496106768349364
19,Tienda_64,0.8569003814627633
20,Tienda_64,0.9982027203920321
21,Tienda_64,0.6748528296373134
22,Tienda_64,0.9146666437032115
23,Tienda_64,1.0
24,Tienda_64,0.9450203180012134
1,Tienda_65,0.0
2,Tienda_65,0.05760932039445074
3,Tienda_65,0.03847319637820635
4,Tienda_65,0.05322771068940106
5,Tienda_65,0.08940699034680945
6,Tienda_65,0.1529174833996291
7,Tienda_65,0.26811930391517197
8,Tienda_65,0.2239328393881824
9,Tienda_65,0.3853804737243385
10,Tienda_65,0.46323286355013094
11,Tienda_65,0.3707123842408661
12,Tienda_65,0.5272908081087292
13,Tienda_65,0.4666036639117143
14,Tienda_65,0.446418388742136
15,Tienda_65,0.5179702581072632
16,Tienda_65,0.6298527376963012
17,Tienda_65,0.5345251665996854
18,Tienda_65,0.7816934644486038
19,Tienda_65,0.8584663456070794
20,Tienda_65,0.7567455761681425
21,Tienda_65,0.8009289649876811
22,Tienda_65,0.8515429211469258
23,Tienda_65,1.0
24,Tienda_65,0.9912222238498757
1,Tienda_66,0.0051580269013843764
2,Tienda_66,0.0
3,Tienda_66,0.11226789503412679
4,Tienda_66,0.15776759798564755
5,Tienda_66,0.11391184812498588
6,Tienda_66,0.2645881342617751
7,Tienda_66,0.2385562466077147
8,Tienda_66,0.18963407239142174
9,Tienda_66,0.3792731453438885
10,Tienda_66,0.3772825753938159
11,Tienda_66,0.46441709816156906
12,Tienda_66,0.5226402438328908
13,Tienda_66,0.4882467073259574
14,Tienda_66,0.4480170102027747
15,Tienda_66,0.6361993104196099
16,Tienda_66,0.5695414345261482
17,Tienda_66,0.6209830977944232
18,Tienda_66,0.6139126565728733
19,Tienda_66,0.8149902785442537
20,Tienda_66,0.7368877438494104
21,Tienda_66,0.9493577189648651
22,Tienda_66,0.9173478348760931
23,Tienda_66,1.0
24,Tienda_66,0.9340836570426637
1,Tienda_67,0.0
2,Tienda_67,0.08123690674963625
3,Tienda_67,0.062180895671109196
4,Tienda_67,0.1025411276433499
5,Tienda_67,0.13735033504480323
6,Tienda_67,0.27342331064846653
7,Tienda_67,0.17526212908254932
8,Tienda_67,0.32122051184773465
9,Tienda_67,0.32060758040539417
10,Tienda_67,0.3302526185441388
11,Tienda_67,0.37662329010797363
12,Tienda_67,0.49882381482234
13,Tienda_67,0.4735534745390791
14,Tienda_67,0.5478796231377069
15,Tienda_67,0.6847412946805767
16,Tienda_67,0.5811962375728219
17,Tienda_67,0.6506234962976598
18,Tienda_67,0.620600308577293
19,Tienda_67,0.7621490780090083
20,Tienda_67,0.9004773518438778
21,Tienda_67,1.0
22,Tienda_67,0.8908399685865395
23,Tienda_67,0.919096544124357
24,Tienda_67,0.8933821937132604
1,Tienda_68,0.0
2,Tienda_68,0.08232072522075388
3,Tienda_68,0.12446722139459278
4,Tienda_68,0.13029605706762282
5,Tienda_68,0.173549129798927
6,Tienda_68,0.26016263028137804
7,Tienda_68,0.26369485891419014
8,Tienda_68,0.2796112580944611
9,Tienda_68,0.3247065724406838
10,Tienda_68,0.3590460740975999
11,Tienda_68,0.4029921773991527
12,Tienda_68,0.403294922660759
13,Tienda_68,0.5340151175168648
14,Tienda_68,0.5475636655085349
15,Tienda_68,0.5621882763872507
16,Tienda_68,0.42998079188008825
17,Tienda_68,0.7072468839894154
18,Tienda_68,0.6581908312373593
19,Tienda_68,0.7724745438194053
20,Tienda_68,0.8180410969366924
21,Tienda_68,0.805504511743741
22,Tienda_68,0.8275362240855482
23,Tienda_68,0.841322188964358
24,Tienda_68,1.0
1,Tienda_69,0.0
2,Tienda_69,0.1569470406444315
3,Tienda_69,0.12807385783415132
4,Tienda_69,0.1884171318916069
5,Tienda_69,0.20287283680555707
6,Tienda_69,0.21154918240409756
7,Tienda_69,0.2905719873155352
8,Tienda_69,0.33486599851723214
9,Tienda_69,0.3711003267684071
10,Tienda_69,0.4586736240766091
11,Tienda_69,0.4433331267728882
12,Tienda_69,0.4616162646370896
13,Tienda_69,0.5677091833032957
14,Tienda_69,0.48678149237764284
15,Tienda_69,0.5996236579211325
16,Tienda_69,0.6671778907692002
17,Tienda_69,0.701735527725653
18,Tienda_69,0.7255536792277976
19,Tienda_69,0.8307927753805298
20,Tienda_69,0.8205524684936043
21,Tienda_69,0.9314577363659632
22,Tienda_69,1.0
23,Tienda_69,0.8727539219854188
24,Tienda_69,0.9083479042026835
1,Tienda_70,0.0
2,Tienda_70,0.07190932594487456
3,Tienda_70,0.05994091368742849
4,Tienda_70,0.18007628958711858
5,Tienda_70,0.18843243651798963
6,Tienda_70,0.19088389790774885
7,Tienda_70,0.21978445904628538
8,Tienda_70,0.2639436430537159
9,Tienda_70,0.3948774824140402
10,Tienda_70,0.4071194933834181
11,Tienda_70,0.48720822350115384
12,Tienda_70,0.5567154368278394
13,Tienda_70,0.4856631219868087
14,Tienda_70,0.5486219773406181
15,Tienda_70,0.6623925010880248
16,Tienda_70,0.6126066282918934
17,Tienda_70,0.725228146064281
18,Tienda_70,0.6918328014885605
19,Tienda_70,0.7786522905728558
20,Tienda_70,0.7716169170330022
21,Tienda_70,0.7738670802129924
22,Tienda_70,0.9239963779579503
23,Tienda_70,1.0
24,Tienda_70,0.9105962725403163
1,Tienda_71,0.0
2,Tienda_71,0.05868868517428552
3,Tienda_71,0.11517468588125437
4,Tienda_71,0.1816258937434856
5,Tienda_71,0.1507157328333448
6,Tienda_71,0.24503375529886812
7,Tienda_71,0.20119887188587315
8,Tienda_71,0.3007373063005626
9,Tienda_71,0.3497515028238918
10,Tienda_71,0.33248374930478436
11,Tienda_71,0.41002432585675286
12,Tienda_71,0.5089638563448848
13,Tienda_71,0.6056904923813968
14,Tienda_71,0.5700178004662078
15,Tienda_71,0.582684355518364
16,Tienda_71,0.576020532283697
17,Tienda_71,0.7401479317497663
18,Tienda_71,0.6317080705467821
19,Tienda_71,0.6919066142062416
20,Tienda_71,0.8834923741714533
21,Tienda_71,0.8243851375512454
22,Tienda_71,0.9586507372217106
23,Tienda_71,0.9750619162839247
24,Tienda_71,1.0
1,Tienda_72,0.0
2,Tienda_72,0.1044321389435105
3,Tienda_72,0.09965255319251913
4,Tienda_72,0.1700142898105158
5,Tienda_72,0.24100177681511625
6,Tienda_72,0.30530979725448454
7,Tienda_72,0.3512346958832349
8,Tienda_72,0.3134590858682805
9,Tienda_72,0.3799595599325713
10,Tienda_72,0.42639235389387986
11,Tienda_72,0.5606699713040362
12,Tienda_72,0.6012369717386897
13,Tienda_72,0.4525137099931774
14,Tienda_72,0.4825381173564477
15,Tienda_72,0.5867614921856129
16,Tienda_72,0.6008429136993771
17,Tienda_72,0.6275431502018621
18,Tienda_72,0.5055963633226213
19,Tienda_72,0.8557794331202271
20,Tienda_72,0.7887489806659159
21,Tienda_72,0.6714126906733363
22,Tienda_72,1.0
23,Tienda_72,0.733999397187841
24,Tienda_72,0.9347656102495666
1,Tienda_73,0.0
2,Tienda_73,0.04226353101815872
3,Tienda_73,0.04363180995997875
4,Tienda_73,0.07071755989579843
5,Tienda_73,0.14890986341479337
6,Tienda_73,0.2021336649648583
7,Tienda_73,0.253050222077967
8,Tienda_73,0.33185124612474143
9,Tienda_73,0.2836569588447008
10,Tienda_73,0.35472411643778223
11,Tienda_73,0.300169034614099
12,Tienda_73,0.4775163413969972
13,Tienda_73,0.4178337698945372
14,Tienda_73,0.49295482422479364
15,Tienda_73,0.5631918709479286
16,Tienda_73,0.6529918203264272
17,Tienda_73,0.8020303785512158
18,Tienda_73,0.6050805778423074
19,Tienda_73,0.5600399941483366
20,Tienda_73,0.7612745071667179
21,Tienda_73,0.7224285712655782
22,Tienda_73,0.947308928866271
23,Tienda_73,1.0
24,Tienda_73,0.7966689547293425
1,Tienda_74,0.0
2,Tienda_74,0.038533033373902036
3,Tienda_74,0.005447557155230863
4,Tienda_74,0.14434656358835268
5,Tienda_74,0.1852781101944404
6,Tienda_74,0.2857808422670245
7,Tienda_74,0.1884636054039097
8,Tienda_74,0.3062969755213308
9,Tienda_74,0.31962538435118576
10,Tienda_74,0.23248705531806524
11,Tienda_74,0.463722896786897
12,Tienda_74,0.500825618447713
13,Tienda_74,0.37081899714227723
14,Tienda_74,0.4780393453953062
15,Tienda_74,0.48463886827226094
16,Tienda_74,0.5769445014878635
17,Tienda_74,0.5257299474376222
18,Tienda_74,0.3946378396157842
19,Tienda_74,0.5934075464896673
20,Tienda_74,0.7466108406083234
21,Tienda_74,0.6743652351036109
22,Tienda_74,0.6756878441610044
23,Tienda_74,1.0
24,Tienda_74,0.7447302457399031
1,Tienda_75,0.0
2,Tienda_75,0.04555140087635844
3,Tienda_75,0.19018915653366453
4,Tienda_75,0.19516336978784862
5,Tienda_75,0.20947112575870383
6,Tienda_75,0.21508970658942214
7,Tienda_75,0.2403128229516444
8,Tienda_75,0.41876395169335845
9,Tienda_75,0.4393152373055124
10,Tienda_75,0.42550882862516404
11,Tienda_75,0.5180594877708842
12,Tienda_75,0.466029616134168
13,Tienda_75,0.48349330598859275
14,Tienda_75,0.5075157973446225
15,Tienda_75,0.6178266306566756
16,Tienda_75,0.6298346566466257
17,Tienda_75,0.8703486754100165
18,Tienda_75,0.7345474633376894
19,Tienda_75,0.8037019305052107
20,Tienda_75,0.7421689869492676
21,Tienda_75,0.9178398139580414
22,Tienda_75,0.9470638274787969
23,Tienda_75,1.0
24,Tienda_75,0.9126112097936909
1,Tienda_76,0.0
2,Tienda_76,0.01955738855754404
3,Tienda_76,0.07381301272330948
4,Tienda_76,0.21107262303878754
5,Tienda_76,0.1919933830273154
6,Tienda_76,0.2070884151042043
7,Tienda_76,0.2502472600219539
8,Tienda_76,0.3377693819520202
9,Tienda_76,0.4071095589664737
10,Tienda_76,0.4436273862937496
11,Tienda_76,0.3391840443558959
12,Tienda_76,0.3900082245074084
13,Tienda_76,0.7464432911888095
14,Tienda_76,0.37139799922983785
15,Tienda_76,0.7935302869789829
16,Tienda_76,0.6762595590860039
17,Tienda_76,0.84592255612752
18,Tienda_76,0.705876836330199
19,Tienda_76,0.9990343874287341
20,Tienda_76,0.8843647219687639
21,Tienda_76,0.913068328086124
22,Tienda_76,0.6827590119732183
23,Tienda_76,1.0
24,Tienda_76,0.9343360624656584
1,Tienda_77,0.0
2,Tienda_77,0.061524826574132045
3,Tienda_77,0.05474959210519811
4,Tienda_77,0.11624330874650216
5,Tienda_77,0.11171831538844174
6,Tienda_77,0.18045528506051217
7,Tienda_77,0.24435695795215626
8,Tienda_77,0.19504993473968602
9,Tienda_77,0.19290037290518347
10,Tienda_77,0.3227913456767988
11,Tienda_77,0.4550876463256442
12,Tienda_77,0.41956199838772984
13,Tienda_77,0.4657627497989804
14,Tienda_77,0.5690436857749156
15,Tienda_77,0.5623567239918893
16,Tienda_77,0.5192259851842592
17,Tienda_77,0.6754883127581651
18,Tienda_77,0.668486626898431
19,Tienda_77,0.8010220664560792
20,Tienda_77,0.7651346695658173
21,Tienda_77,0.7991864640541344
22,Tienda_77,0.8588189484390578
23,Tienda_77,0.9390884692162849
24,Tienda_77,1.0
1,Tienda_78,0.0
2,Tienda_78,0.027303272161595213
3,Tienda_78,0.02890785363823985
4,Tienda_78,0.10498157977377537
5,Tienda_78,0.17111765316501631
6,Tienda_78,0.20067791423785467
7,Tienda_78,0.24531914218736112
8,Tienda_78,0.1759418970155924
9,Tienda_78,0.2853162494725699
10,Tienda_78,0.22806332908183277
11,Tienda_78,0.55055660991732
12,Tienda_78,0.47594739164480127
13,Tienda_78,0.5512547986954505
14,Tienda_78,0.5616838914041771
15,Tienda_78,0.4306773234856622
16,Tienda_78,0.6348311880910456
17,Tienda_78,0.6217947660753491
18,Tienda_78,0.570900264623475
19,Tienda_78,0.6423945749497816
20,Tienda_78,0.9450200134854114
21,Tienda_78,0.7733348355966071
22,Tienda_78,0.848847753421974
23,Tienda_78,0.9978993261694907
24,Tienda_78,1.0
1,Tienda_79,0.0
2,Tienda_79,0.024236932083009304
3,Tienda_79,0.13275065882287018
4,Tienda_79,0.10493432079039201
5,Tienda_79,0.11626375624697362
6,Tienda_79,0.16341740053998077
7,Tienda_79,0.233046368281374
8,Tienda_79,0.28395138782197604
9,Tienda_79,0.27595388085962663
10,Tienda_79,0.3452266896038504
11,Tienda_79,0.3633832290152795
12,Tienda_79,0.32799036983177743
13,Tienda_79,0.3741573314904788
14,Tienda_79,0.6148212041949699
15,Tienda_79,0.6078741624278601
16,Tienda_79,0.5365716547487211
17,Tienda_79,0.5830208531697855
18,Tienda_79,0.6886340453123989
19,Tienda_79,0.7594905363699692
20,Tienda_79,0.7485873244765694
21,Tienda_79,0.7604288511866181
22,Tienda_79,0.6666829130248948
23,Tienda_79,0.8278356072609054
24,Tienda_79,1.0
1,Tienda_80,0.0
2,Tienda_80,0.03751048789019805
3,Tienda_80,0.15517023284542975
4,Tienda_80,0.1854840682327539
5,Tienda_80,0.0826080606934155
6,Tienda_80,0.21604738526482506
7,Tienda_80,0.2390232330555193
8,Tienda_80,0.3629313386293504
9,Tienda_80,0.25037525657452747
10,Tienda_80,0.41552029190248246
11,Tienda_80,0.3237469945283607
12,Tienda_80,0.4778361063433356
13,Tienda_80,0.5596183812320806
14,Tienda_80,0.540723903829437
15,Tienda_80,0.621083544534394
16,Tienda_80,0.7485430716222782
17,Tienda_80,0.7157822913695161
18,Tienda_80,0.6317715955671276
19,Tienda_80,0.6629455731300198
20,Tienda_80,0.79033073891894
21,Tienda_80,0.959454064429888
22,Tienda_80,0.8956589856722701
23,Tienda_80,0.8863312037700279
24,Tienda_80,1.0
1,Tienda_81,0.0
2,Tienda_81,0.0092978605810459
3,Tienda_81,0.08519665431340359
4,Tienda_81,0.16417933026492645
5,Tienda_81,0.2154821041353075
6,Tienda_81,0.22627646541625807
7,Tienda_81,0.27650581984007
8,Tienda_81,0.23101502520326267
9,Tienda_81,0.3679381044987822
10,Tienda_81,0.4378636111937142
11,Tienda_81,0.40547311748343035
12,Tienda_81,0.522246314347154
13,Tienda_81,0.5952367856177475
14,Tienda_81,0.44149354554094994
15,Tienda_81,0.6985021765851671
16,Tienda_81,0.6779220961948401
17,Tienda_81,0.7262532889932829
18,Tienda_81,0.7237573694037364
19,Tienda_81,0.851184727802995
20,Tienda_81,0.8255806534433369
21,Tienda_81,0.853668001593786
22,Tienda_81,0.9671595318675388
23,Tienda_81,0.8039640858341984
24,Tienda_81,1.0
1,Tienda_82,0.0
2,Tienda_82,0.023884648593921434
3,Tienda_82,0.17365853149584623
4,Tienda_82,0.1246078496696566
5,Tienda_82,0.25826138497361956
6,Tienda_82,0.2658507391152603
7,Tienda_82,0.228459793257827
8,Tienda_82,0.25684963072781963
9,Tienda_82,0.4422186190964336
10,Tienda_82,0.46012833528297437
11,Tienda_82,0.4888560362704774
12,Tienda_82,0.5436071206272826
13,Tienda_82,0.5932710852647248
14,Tienda_82,0.638058170048436
15,Tienda_82,0.636095941651365
16,Tienda_82,0.5935838193105869
17,Tienda_82,0.6118176567072849
18,Tienda_82,0.8548193543937241
19,Tienda_82,0.8130030852576818
20,Tienda_82,0.8730745674423684
21,Tienda_82,0.873409887321314
22,Tienda_82,0.9307652684053571
23,Tienda_82,1.0
24,Tienda_82,0.9229189944487876
1,Tienda_83,0.015052470308896579
2,Tienda_83,0.0
3,Tienda_83,0.013052685426518341
4,Tienda_83,0.06406550526567564
5,Tienda_83,0.18567744955366158
6,Tienda_83,0.20003658692747536
7,Tienda_83,0.2124037453982335
8,Tienda_83,0.21534871826451898
9,Tienda_83,0.361241489621428
10,Tienda_83,0.21495200646444373
11,Tienda_83,0.38717750154420166
12,Tienda_83,0.4757895437196702
13,Tienda_83,0.5386029547123786
14,Tienda_83,0.48392116994046025
15,Tienda_83,0.5513392138223927
16,Tienda_83,0.5434706951325887
17,Tienda_83,0.5988155444671469
18,Tienda_83,0.635163007635384
19,Tienda_83,0.6574703126414921
20,Tienda_83,0.6244102659575506
21,Tienda_83,0.6645594572758671
22,Tienda_83,0.7153659472119581
23,Tienda_83,0.729854410603045
24,Tienda_83,1.0
1,Tienda_84,0.047518493430074506
2,Tienda_84,0.0
3,Tienda_84,0.036940359005046136
4,Tienda_84,0.18167078382047896
5,Tienda_84,0.1937205650447116
6,Tienda_84,0.2913698318794993
7,Tienda_84,0.27364027822779136
8,Tienda_84,0.27883998705103713
9,Tienda_84,0.36174734715470985
10,Tienda_84,0.4972524395302883
11,Tienda_84,0.43113824305858217
12,Tienda_84,0.6749251869989135
13,Tienda_84,0.5442341655890506
14,Tienda_84,0.4878326565284135
15,Tienda_84,0.6529250064688515
16,Tienda_84,0.7181951811245262
17,Tienda_84,0.6410073135423779
18,Tienda_84,0.6951295808353166
19,Tienda_84,0.7868749269232072
20,Tienda_84,0.8267601631040655
21,Tienda_84,0.9157580680703135
22,Tienda_84,0.9070263393380075
23,Tienda_84,0.9507999397943243
24,Tienda_84,1.0
1,Tienda_85,0.0
2,Tienda_85,0.0023933121789198484
3,Tienda_85,0.07964611460097548
4,Tienda_85,0.12569453151423055
5,Tienda_85,0.19909384142336475
6,Tienda_85,0.2196543602435307
7,Tienda_85,0.18206382226290094
8,Tienda_85,0.30538670604459506
9,Tienda_85,0.34099061803399505
10,Tienda_85,0.3840778188334825
11,Tienda_85,0.47357163911412814
12,Tienda_85,0.44718675070970126
13,Tienda_85,0.4137060935221987
14,Tienda_85,0.5465438502831556
15,Tienda_85,0.5378303525047902
16,Tienda_85,0.620304021477865
17,Tienda_85,0.5882658832039599
18,Tienda_85,0.7216103146243839
19,Tienda_85,0.9050298588593776
20,Tienda_85,0.8204057757973445
21,Tienda_85,0.7756526449477682
22,Tienda_85,0.9485317799174631
23,Tienda_85,0.819190082355141
24,Tienda_85,1.0
1,Tienda_86,0.03493469964484287
2,Tienda_86,0.0
3,Tienda_86,0.021276945876540658
4,Tienda_86,0.09236305413271782
5,Tienda_86,0.0845597928916969
6,Tienda_86,0.16952400805593343
7,Tienda_86,0.2272090296299868
8,Tienda_86,0.2272720804518085
9,Tienda_86,0.41309906079290104
10,Tienda_86,0.3955779983695788
11,Tienda_86,0.3675177671047803
12,Tienda_86,0.3331391167837135
13,Tienda_86,0.4025765123090907
14,Tienda_86,0.29109382520136345
15,Tienda_86,0.5003915874040229
16,Tienda_86,0.6486087053532854
17,Tienda_86,0.6114658824000434
18,Tienda_86,0.8241675433148161
19,Tienda_86,0.7449647887512921
20,Tienda_86,0.7542122728204833
21,Tienda_86,0.8471038775921704
22,Tienda_86,0.7329219660068724
23,Tienda_86,0.8162472230917844
24,Tienda_86,1.0
1,Tienda_87,0.008556151593088418
2,Tienda_87,0.0
3,Tienda_87,0.06632546948066215
4,Tienda_87,0.08408776082830875
5,Tienda_87,0.1377269795403399
6,Tienda_87,0.24691451693504052
7,Tienda_87,0.2000039946007345
8,Tienda_87,0.3154728641314647
9,Tienda_87,0.35494905759405987
10,Tienda_87,0.32200055940493405
11,Tienda_87,0.2660326390668769
12,Tienda_87,0.41438263877441583
13,Tienda_87,0.3957951351851749
14,Tienda_87,0.5401600459627297
15,Tienda_87,0.45498858430648664
16,Tienda_87,0.645216884132761
17,Tienda_87,0.6856494360031083
18,Tienda_87,0.6617229447877102
19,Tienda_87,0.9323258425243338
20,Tienda_87,0.8311779016288999
21,Tienda_87,0.7347783434710533
22,Tienda_87,0.9081241909164183
23,Tienda_87,0.8236422568949914
24,Tienda_87,1.0
1,Tienda_88,0.0
2,Tienda_88,0.10081830413060953
3,Tienda_88,0.050460506195818336
4,Tienda_88,0.06745356783299612
5,Tienda_88,0.047115120128620236
6,Tienda_88,0.1806136462792789
7,Tienda_88,0.19840711465918504
8,Tienda_88,0.25121438198219953
9,Tienda_88,0.33081304112839294
10,Tienda_88,0.4393405446791849
11,Tienda_88,0.4420451990430025
12,Tienda_88,0.4600471014762994
13,Tienda_88,0.5178876516541703
14,Tienda_88,0.5524695834754813
15,Tienda_88,0.6664244636361639
16,Tienda_88,0.7361132228975784
17,Tienda_88,0.919961563309861
18,Tienda_88,0.7878843610730201
19,Tienda_88,1.0
20,Tienda_88,0.7772605383319546
21,Tienda_88,0.861888304351219
22,Tienda_88,0.9715306275835053
23,Tienda_88,0.9948936125026663
24,Tienda_88,0.819659448148904
1,Tienda_89,0.020010735280542667
2,Tienda_89,0.0
3,Tienda_89,0.036367916361062146
4,Tienda_89,0.17811872469185291
5,Tienda_89,0.05460564670328176
6,Tienda_89,0.11147424833578753
7,Tienda_89,0.22542921039275027
8,Tienda_89,0.1641069185695007
9,Tienda_89,0.3323957911530249
10,Tienda_89,0.3795154411721489
11,Tienda_89,0.5064833903503113
12,Tienda_89,0.3929560097273453
13,Tienda_89,0.4624642830677751
14,Tienda_89,0.47756221376456215
15,Tienda_89,0.5761936582009718
16,Tienda_89,0.5624685081171105
17,Tienda_89,0.6859339841881469
18,Tienda_89,0.7625075611801
19,Tienda_89,0.5917167933498549
20,Tienda_89,0.755793883915042
21,Tienda_89,0.8182377797285908
22,Tienda_89,0.7538295363394567
23,Tienda_89,0.8925145894673191
24,Tienda_89,1.0
1,Tienda_90,0.0
2,Tienda_90,0.022771683167712886
3,Tienda_90,0.08533583698177713
4,Tienda_90,0.07069883092952313
5,Tienda_90,0.11986282206781093
6,Tienda_90,0.24379096227239233
7,Tienda_90,0.26464041339015343
8,Tienda_90,0.34891163097346545
9,Tienda_90,0.3205698107178235
10,Tienda_90,0.4826564310872037
11,Tienda_90,0.41206039494376323
12,Tienda_90,0.4532844385580203
13,Tienda_90,0.7043935452191521
14,Tienda_90,0.5153124054237063
15,Tienda_90,0.558779392746083
16,Tienda_90,0.5670958268439115
17,Tienda_90,0.6762406771976359
18,Tienda_90,0.8181616274924662
19,Tienda_90,0.8228532933438384
20,Tienda_90,0.8854509990184258
21,Tienda_90,0.832927935024863
22,Tienda_90,1.0
23,Tienda_90,0.9651407064516976
24,Tienda_90,0.9712992510342187
1,Tienda_91,0.0
2,Tienda_91,0.02618898085808575
3,Tienda_91,0.13240690668271243
4,Tienda_91,0.11880479222283792
5,Tienda_91,0.11446966625374294
6,Tienda_91,0.2481465626185732
7,Tienda_91,0.2517479898543326
8,Tienda_91,0.27900312397900884
9,Tienda_91,0.25634056835799196
10,Tienda_91,0.4013325373106765
11,Tienda_91,0.28487928501490006
12,Tienda_91,0.3477232832890964
13,Tienda_91,0.5377425033562904
14,Tienda_91,0.5241473248589605
15,Tienda_91,0.6370446631040398
16,Tienda_91,0.5645274206362644
17,Tienda_91,0.6569594869916954
18,Tienda_91,0.7955210530060355
19,Tienda_91,0.7284513739765306
20,Tienda_91,0.6190246759721825
21,Tienda_91,0.8930875835218542
22,Tienda_91,1.0
23,Tienda_91,0.8721155371536939
24,Tienda_91,0.9113464196565996
1,Tienda_92,0.0
2,Tienda_92,0.12025877291743156
3,Tienda_92,0.07792348167974925
4,Tienda_92,0.09195480641970767
5,Tienda_92,0.22118112450311522
6,Tienda_92,0.27759445585387915
7,Tienda_92,0.23428021626677073
8,Tienda_92,0.3328253788857563
9,Tienda_92,0.29176276188847455
10,Tienda_92,0.47768982954627104
11,Tienda_92,0.3941143242649582
12,Tienda_92,0.5949991624332968
13,Tienda_92,0.41342051053489554
14,Tienda_92,0.5555279248378762
15,Tienda_92,0.6117901629071345
16,Tienda_92,0.6324553426038241
17,Tienda_92,0.7675093435695003
18,Tienda_92,0.6285314314710555
19,Tienda_92,0.7893691934426883
20,Tienda_92,0.828811823208396
21,Tienda_92,0.8666828643540285
22,Tienda_92,0.8934981003946075
23,Tienda_92,0.8919991045330878
24,Tienda_92,1.0
1,Tienda_93,0.0
2,Tienda_93,0.019286296564041995
3,Tienda_93,0.1082173053947044
4,Tienda_93,0.044503759488944424
5,Tienda_93,0.31099945857485134
6,Tienda_93,0.2430630812160437
7,Tienda_93,0.24888034143979612
8,Tienda_93,0.385181965933952
9,Tienda_93,0.33936757323145184
10,Tienda_93,0.4805058759113496
11,Tienda_93,0.5615166644996575
12,Tienda_93,0.5943770305127567
13,Tienda_93,0.5424365733316112
14,Tienda_93,0.7128375241120881
15,Tienda_93,0.7934100734131087
16,Tienda_93,0.7690032019636909
17,Tienda_93,0.6916656458043113
18,Tienda_93,0.8460130163499958
19,Tienda_93,0.8060933939947291
20,Tienda_93,0.9156191417166821
21,Tienda_93,0.8832694450694665
22,Tienda_93,1.0
23,Tienda_93,0.944612701357098
24,Tienda_93,0.9496621652874799
1,Tienda_94,0.03981661272373297
2,Tienda_94,0.0
3,Tienda_94,0.11341776583087096
4,Tienda_94,0.13843297536721183
5,Tienda_94,0.21205350548242888
6,Tienda_94,0.1956058484659663
7,Tienda_94,0.3095100434781087
8,Tienda_94,0.32592349813801763
9,Tienda_94,0.32532827440290507
10,Tienda_94,0.3468279355220856
11,Tienda_94,0.44144451642772276
12,Tienda_94,0.4708502341275678
13,Tienda_94,0.35124320217956323
14,Tienda_94,0.5261854773993659
15,Tienda_94,0.561752127595363
16,Tienda_94,0.5063170888391857
17,Tienda_94,0.6826681177994557
18,Tienda_94,0.6901477414414994
19,Tienda_94,0.8646552005767495
20,Tienda_94,0.6374239146806511
21,Tienda_94,0.7564325452900957
22,Tienda_94,0.7636007053942806
23,Tienda_94,0.8881310318709246
24,Tienda_94,1.0
1,Tienda_95,0.0
2,Tienda_95,0.03885776144952861
3,Tienda_95,0.11262298821926858
4,Tienda_95,0.1698288012069496
5,Tienda_95,0.19603559415818267
6,Tienda_95,0.2590230511600339
7,Tienda_95,0.24931345998513402
8,Tienda_95,0.24223574684457938
9,Tienda_95,0.3081867904076536
10,Tienda_95,0.4159584903184807
11,Tienda_95,0.4030696635062255
12,Tienda_95,0.44643873852117677
13,Tienda_95,0.5300588949977313
14,Tienda_95,0.5819579474575658
15,Tienda_95,0.7012000748662816
16,Tienda_95,0.6905460634924335
17,Tienda_95,0.6558583961682302
18,Tienda_95,0.7660418510858905
19,Tienda_95,0.6214247948852734
20,Tienda_95,0.9435937352397681
21,Tienda_95,0.8510767252008483
22,Tienda_95,0.8682201149559854
23,Tienda_95,0.8525508364091863
24,Tienda_95,1.0
1,Tienda_96,0.0
2,Tienda_96,0.03537072053227581
3,Tienda_96,0.06018056888938562
4,Tienda_96,0.15970276598222452
5,Tienda_96,0.10330611067591806
6,Tienda_96,0.22122442125759884
7,Tienda_96,0.24702781748000324
8,Tienda_96,0.2243788666604697
9,Tienda_96,0.2721613560996407
10,Tienda_96,0.3298975780437069
11,Tienda_96,0.40674054986077496
12,Tienda_96,0.4741537033139314
13,Tienda_96,0.5093751785818557
14,Tienda_96,0.4734028358244544
15,Tienda_96,0.6641303750659135
16,Tienda_96,0.6511229032040317
17,Tienda_96,0.5998547768498437
18,Tienda_96,0.6286669894986247
19,Tienda_96,0.7989589850579665
20,Tienda_96,0.7100826926693428
21,Tienda_96,0.7120456676552827
22,Tienda_96,0.8737981055838814
23,Tienda_96,0.9771176775722962
24,Tienda_96,1.0
1,Tienda_97,0.0
2,Tienda_97,0.05847528125648334
3,Tienda_97,0.1295774639133422
4,Tienda_97,0.14446386900199004
5,Tienda_97,0.232233978403169
6,Tienda_97,0.2023914638242514
7,Tienda_97,0.290550447189909
8,Tienda_97,0.3013900539821797
9,Tienda_97,0.4394528348447107
10,Tienda_97,0.5172689068079227
11,Tienda_97,0.5033498355126125
12,Tienda_97,0.687325927222915
13,Tienda_97,0.6183051235348178
14,Tienda_97,0.7508721524020998
15,Tienda_97,0.5994419250949339
16,Tienda_97,0.6968389855538567
17,Tienda_97,0.6763556596340342
18,Tienda_97,0.7721636236412052
19,Tienda_97,0.878101273821589
20,Tienda_97,0.9486891051302848
21,Tienda_97,1.0
22,Tienda_97,0.9605859952405112
23,Tienda_97,0.9314509675286606
24,Tienda_97,0.8723384969180213
1,Tienda_98,0.0
2,Tienda_98,0.0014936205352344427
3,Tienda_98,0.08793728217840009
4,Tienda_98,0.16221510393785685
5,Tienda_98,0.1039576781128269
6,Tienda_98,0.18349358457798703
7,Tienda_98,0.3291920833980097
8,Tienda_98,0.38293400503187625
9,Tienda_98,0.27223456059977963
10,Tienda_98,0.4156595840512142
11,Tienda_98,0.32797086244666085
12,Tienda_98,0.5355577837042212
13,Tienda_98,0.45295337634106225
14,Tienda_98,0.5808048219515206
15,Tienda_98,0.6021034546994725
16,Tienda_98,0.6259860828459619
17,Tienda_98,0.725230578192978
18,Tienda_98,0.7465368035587261
19,Tienda_98,0.7047997339769936
20,Tienda_98,0.7664307273823013
21,Tienda_98,0.955922748517456
22,Tienda_98,0.5916690304265351
23,Tienda_98,0.9254868672701152
24,Tienda_98,1.0
1,Tienda_99,0.0
2,Tienda_99,0.01433071367679926
3,Tienda_99,0.16411157741595658
4,Tienda_99,0.12287180390008631
5,Tienda_99,0.23083912122854788
6,Tienda_99,0.2403034114752937
7,Tienda_99,0.3149075866020713
8,Tienda_99,0.3155834990123071
9,Tienda_99,0.43874593320870375
10,Tienda_99,0.381988578669577
11,Tienda_99,0.5223043629801343
12,Tienda_99,0.5580400821369533
13,Tienda_99,0.5880615217223163
14,Tienda_99,0.5811415669246075
15,Tienda_99,0.6314933230414299
16,Tienda_99,0.5207649182848529
17,Tienda_99,0.7827690035720395
18,Tienda_99,0.8724979590249524
19,Tienda_99,0.8369398741354692
20,Tienda_99,0.951305032478894
21,Tienda_99,0.8345365522982187
22,Tienda_99,0.9697292513501589
23,Tienda_99,1.0
24,Tienda_99,0.9240357618774877
1,Tienda_100,0.0
2,Tienda_100,0.011170990659506564
3,Tienda_100,0.0377417521463253
4,Tienda_100,0.18007071595408589
5,Tienda_100,0.06359222343543848
6,Tienda_100,0.19258196913070844
7,Tienda_100,0.24717968753050706
8,Tienda_100,0.3498397402584733
9,Tienda_100,0.34395225660038803
10,Tienda_100,0.38558766903287833
11,Tienda_100,0.44966791120532923
12,Tienda_100,0.4281035815678298
13,Tienda_100,0.46061370548827296
14,Tienda_100,0.5661014297507876
15,Tienda_100,0.5461270526882603
16,Tienda_100,0.6367860517378144
17,Tienda_100,0.641377930360781
18,Tienda_100,0.6306127633825542
19,Tienda_100,0.7979204083972046
20,Tienda_100,1.0
21,Tienda_100,0.7698968019003412
22,Tienda_100,0.9586324346983461
23,Tienda_100,0.927574034297345
24,Tienda_100,0.936095659754142
