Periodo,Tienda,Ventas_normalized
1,Tienda_1,0.3170170628786571
2,Tienda_1,0.4454260490731972
3,Tienda_1,0.4452655443997336
4,Tienda_1,0.45977994845237546
5,Tienda_1,0.5795067020419054
6,Tienda_1,0.6047517453146989
7,Tienda_1,0.7259918566760625
8,Tienda_1,0.8533876758684951
9,Tienda_1,0.9542143842596452
10,Tienda_1,0.8755655494154061
11,Tienda_1,0.9706626872251886
12,Tienda_1,1.079229978639422
13,Tienda_1,0.9937164689920119
14,Tienda_1,1.2208706996252048
15,Tienda_1,1.0264031844579475
16,Tienda_1,1.4086795389072064
17,Tienda_1,1.2751252255340646
18,Tienda_1,1.2772809420898272
19,Tienda_1,1.2652917708407816
20,Tienda_1,1.3687122713000006
21,Tienda_1,1.217691156038503
22,Tienda_1,1.4075258288041028
23,Tienda_1,1.5474141274607933
24,Tienda_1,1.6804896017047677
1,Tienda_2,0.41331365635287703
2,Tienda_2,0.490649886707413
3,Tienda_2,0.6266187448655315
4,Tienda_2,0.6373941558961506
5,Tienda_2,0.6304513024048292
6,Tienda_2,0.6625716108450374
7,Tienda_2,0.751680595807645
8,Tienda_2,0.8339337502421109
9,Tienda_2,0.9700415938080249
10,Tienda_2,0.9851277902988116
11,Tienda_2,0.8894899992263593
12,Tienda_2,0.9574073019773631
13,Tienda_2,1.203236437629061
14,Tienda_2,1.1103259869694388
15,Tienda_2,1.1415900849513374
16,Tienda_2,1.0002608678898717
17,Tienda_2,1.1130518571336994
18,Tienda_2,1.2295217395873685
19,Tienda_2,1.189583576977185
20,Tienda_2,1.3868400805209202
21,Tienda_2,1.3312608488969755
22,Tienda_2,1.43384724389349
23,Tienda_2,1.5060965758403493
24,Tienda_2,1.50570431127815
1,Tienda_3,0.43070358438958
2,Tienda_3,0.4701739926309662
3,Tienda_3,0.5665629067631646
4,Tienda_3,0.652817181111372
5,Tienda_3,0.6185969973231699
6,Tienda_3,0.7308218993251693
7,Tienda_3,0.7787719005561448
8,Tienda_3,0.8405045349527771
9,Tienda_3,0.8071356213792567
10,Tienda_3,0.9097277477859301
11,Tienda_3,0.9639520277188456
12,Tienda_3,1.1063122826117597
13,Tienda_3,0.9987461214437875
14,Tienda_3,1.1540681403819908
15,Tienda_3,1.2425569847453652
16,Tienda_3,1.1403172259749734
17,Tienda_3,1.1131297388034214
18,Tienda_3,1.2135895234972134
19,Tienda_3,1.3626576334003138
20,Tienda_3,1.3092033092442696
21,Tienda_3,1.2702008785336898
22,Tienda_3,1.3782597237241863
23,Tienda_3,1.2994458113616656
24,Tienda_3,1.6417442323409863
1,Tienda_4,0.5615879606661007
2,Tienda_4,0.5895661676614139
3,Tienda_4,0.6412210151617556
4,Tienda_4,0.704005352404752
5,Tienda_4,0.7673667973869258
6,Tienda_4,0.8488334364223877
7,Tienda_4,0.8232931239465685
8,Tienda_4,0.7841457463960179
9,Tienda_4,0.831102033045366
10,Tienda_4,0.890446820776168
11,Tienda_4,0.973587474561444
12,Tienda_4,0.9758715793717831
13,Tienda_4,1.0811417012766464
14,Tienda_4,1.0405506067698471
15,Tienda_4,0.9177506585229412
16,Tienda_4,1.0916536891798179
17,Tienda_4,1.2166365487779123
18,Tienda_4,1.3019676395276163
19,Tienda_4,1.2245486729687267
20,Tienda_4,1.369910887704338
21,Tienda_4,1.322365994795189
22,Tienda_4,1.2488966222582274
23,Tienda_4,1.4016437961969346
24,Tienda_4,1.3919056742211247
1,Tienda_5,0.56150029699497
2,Tienda_5,0.6025995432717275
3,Tienda_5,0.6052546728391766
4,Tienda_5,0.7339688450711067
5,Tienda_5,0.7133274146132955
6,Tienda_5,0.7123671054760504
7,Tienda_5,0.799247063993772
8,Tienda_5,0.8863954701409412
9,Tienda_5,0.841992634202487
10,Tienda_5,0.9426675942843007
11,Tienda_5,0.9840309125376494
12,Tienda_5,0.9653029317441887
13,Tienda_5,0.9982814496056537
14,Tienda_5,1.111567061391055
15,Tienda_5,1.1174421860490062
16,Tienda_5,1.1681239380543709
17,Tienda_5,1.1002792600829285
18,Tienda_5,1.247563410917588
19,Tienda_5,1.3697071828048977
20,Tienda_5,1.2590631071102907
21,Tienda_5,1.2783493306012828
22,Tienda_5,1.229267522465168
23,Tienda_5,1.423180124375771
24,Tienda_5,1.3485209413723198
1,Tienda_6,0.4872262486107952
2,Tienda_6,0.5132954069996897
3,Tienda_6,0.510487165710876
4,Tienda_6,0.6128271055223578
5,Tienda_6,0.6275401811248462
6,Tienda_6,0.659672982248691
7,Tienda_6,0.7616524693627477
8,Tienda_6,0.7868821208253207
9,Tienda_6,0.8694308956920579
10,Tienda_6,0.9302134356275075
11,Tienda_6,0.7883002454514936
12,Tienda_6,1.0281779078398683
13,Tienda_6,0.9798551188544917
14,Tienda_6,1.115757941197147
15,Tienda_6,1.1864416043825496
16,Tienda_6,1.0902428562818136
17,Tienda_6,1.384041555316828
18,Tienda_6,1.123373261502456
19,Tienda_6,1.378013340349236
20,Tienda_6,1.2926124259758782
21,Tienda_6,1.517825605073678
22,Tienda_6,1.3226116523598523
23,Tienda_6,1.498804312979443
24,Tienda_6,1.5347141607103754
1,Tienda_7,0.4927323099488082
2,Tienda_7,0.5093574207362684
3,Tienda_7,0.5394888796552406
4,Tienda_7,0.58755716498226
5,Tienda_7,0.629400844434845
6,Tienda_7,0.6869177814203634
7,Tienda_7,0.7829260330699057
8,Tienda_7,0.7551733787971371
9,Tienda_7,0.7305861209202341
10,Tienda_7,0.775562375454906
11,Tienda_7,0.9495355859879984
12,Tienda_7,1.0431542405763015
13,Tienda_7,0.9449051688780794
14,Tienda_7,1.0390743359988328
15,Tienda_7,1.0786993064113037
16,Tienda_7,1.3152535020012028
17,Tienda_7,1.191890584114018
18,Tienda_7,1.4051877969422522
19,Tienda_7,1.2893710779946677
20,Tienda_7,1.3764369546413475
21,Tienda_7,1.4444909863271933
22,Tienda_7,1.2819494495081294
23,Tienda_7,1.560827067529834
24,Tienda_7,1.5895216336688707
1,Tienda_8,0.34276396085190447
2,Tienda_8,0.3734871337539017
3,Tienda_8,0.40825591887070206
4,Tienda_8,0.43716953105768525
5,Tienda_8,0.5666818150369897
6,Tienda_8,0.6656866356978869
7,Tienda_8,0.6774727187776746
8,Tienda_8,0.6902861333934027
9,Tienda_8,0.6785895436660162
10,Tienda_8,0.9014404825123572
11,Tienda_8,0.8516519509790954
12,Tienda_8,0.9120367821194458
13,Tienda_8,0.9866275817240439
14,Tienda_8,1.0647600666208434
15,Tienda_8,1.2501516874213958
16,Tienda_8,1.2123564052751654
17,Tienda_8,1.3665405275031741
18,Tienda_8,1.29704993192908
19,Tienda_8,1.5199436189733508
20,Tienda_8,1.2558761877149
21,Tienda_8,1.512863689578673
22,Tienda_8,1.7078711674243743
23,Tienda_8,1.7022391783998208
24,Tienda_8,1.6181973507181184
1,Tienda_9,0.4288318491851142
2,Tienda_9,0.5402937112068463
3,Tienda_9,0.47429867786952423
4,Tienda_9,0.5632827109228925
5,Tienda_9,0.7935986085033102
6,Tienda_9,0.725030556150455
7,Tienda_9,0.7433610512072234
8,Tienda_9,0.8214730104563014
9,Tienda_9,0.8415853878531627
10,Tienda_9,0.8678256459079434
11,Tienda_9,0.7619727026946926
12,Tienda_9,1.005160631441706
13,Tienda_9,1.0351929149759305
14,Tienda_9,0.7700424185781477
15,Tienda_9,1.1985995499864768
16,Tienda_9,1.128253262943527
17,Tienda_9,1.182397604887537
18,Tienda_9,1.2427948396924848
19,Tienda_9,1.310730192410599
20,Tienda_9,1.4057302434245453
21,Tienda_9,1.3814499539850356
22,Tienda_9,1.2923885380600517
23,Tienda_9,1.719170933556996
24,Tienda_9,1.7665350040994956
1,Tienda_10,0.3316450330483707
2,Tienda_10,0.387423062261373
3,Tienda_10,0.45459447594116903
4,Tienda_10,0.5472864497949685
5,Tienda_10,0.6038043002209579
6,Tienda_10,0.7050019980621189
7,Tienda_10,0.5155451632745128
8,Tienda_10,0.6783702209906578
9,Tienda_10,0.8391223582505987
10,Tienda_10,0.7617034237864804
11,Tienda_10,0.7090367879613071
12,Tienda_10,0.9220310983478364
13,Tienda_10,1.116662879496435
14,Tienda_10,1.2704701701525682
15,Tienda_10,1.2665397951903203
16,Tienda_10,1.1305551764956918
17,Tienda_10,1.14941371378156
18,Tienda_10,1.410670678486159
19,Tienda_10,1.3059709428165664
20,Tienda_10,1.3990914056377808
21,Tienda_10,1.599805803973495
22,Tienda_10,1.6837447148819602
23,Tienda_10,1.5675494300677844
24,Tienda_10,1.6439609170793272
1,Tienda_11,0.5768827438144212
2,Tienda_11,0.6234327396948353
3,Tienda_11,0.6108656496763637
4,Tienda_11,0.6550638206762065
5,Tienda_11,0.6711580051448799
6,Tienda_11,0.699826435451444
7,Tienda_11,0.8072822847430399
8,Tienda_11,0.8479078861905633
9,Tienda_11,0.8368226477129548
10,Tienda_11,0.9016115365793561
11,Tienda_11,0.9764396356187566
12,Tienda_11,1.0502644623679092
13,Tienda_11,1.0327961743913208
14,Tienda_11,1.1259056447074727
15,Tienda_11,0.9761434951935575
16,Tienda_11,1.135898799817771
17,Tienda_11,1.2235743989241294
18,Tienda_11,1.233177310646623
19,Tienda_11,1.2902661745764505
20,Tienda_11,1.2861959187549938
21,Tienda_11,1.2343444884095263
22,Tienda_11,1.3362410326875223
23,Tienda_11,1.4307128761056516
24,Tienda_11,1.4371858381142508
1,Tienda_12,0.5647601300218257
2,Tienda_12,0.6289032396781704
3,Tienda_12,0.6432611104920041
4,Tienda_12,0.709975716563356
5,Tienda_12,0.7329864205560546
6,Tienda_12,0.7919145785476442
7,Tienda_12,0.8605407349332173
8,Tienda_12,0.8400626178937787
9,Tienda_12,0.9034748187774451
10,Tienda_12,0.8608517031324568
11,Tienda_12,0.9181547368751021
12,Tienda_12,0.9197660472494261
13,Tienda_12,1.0715488325580413
14,Tienda_12,1.0099943335447548
15,Tienda_12,1.1831211489826678
16,Tienda_12,1.2093550044816543
17,Tienda_12,1.0271151859530945
18,Tienda_12,1.125653050721721
19,Tienda_12,1.2775444396441284
20,Tienda_12,1.1741459727523165
21,Tienda_12,1.2696419949086564
22,Tienda_12,1.4110764270995169
23,Tienda_12,1.4948996578401437
24,Tienda_12,1.3712520967928215
1,Tienda_13,0.571565801065113
2,Tienda_13,0.5975569326392738
3,Tienda_13,0.6372504553098582
4,Tienda_13,0.6993512568019813
5,Tienda_13,0.7429669694228779
6,Tienda_13,0.6867156332725464
7,Tienda_13,0.7398332325543421
8,Tienda_13,0.8322316877561967
9,Tienda_13,0.8654961754266275
10,Tienda_13,0.8784843376916297
11,Tienda_13,0.9570423896894583
12,Tienda_13,0.9820432096321248
13,Tienda_13,1.0669718139447761
14,Tienda_13,1.0460904603568872
15,Tienda_13,1.0922199107322357
16,Tienda_13,1.130510501738255
17,Tienda_13,1.2115206010841368
18,Tienda_13,1.2278228842446255
19,Tienda_13,1.2532655824568923
20,Tienda_13,1.3911339267201779
21,Tienda_13,1.3551091849350199
22,Tienda_13,1.3159877806572728
23,Tienda_13,1.2722351065354325
24,Tienda_13,1.446594165332258
1,Tienda_14,0.5617587830954143
2,Tienda_14,0.6517777347265774
3,Tienda_14,0.5985011989115866
4,Tienda_14,0.7001946060492266
5,Tienda_14,0.6825421912834526
6,Tienda_14,0.7616024401551841
7,Tienda_14,0.7827708546838249
8,Tienda_14,0.8650368181118375
9,Tienda_14,0.9295014357338036
10,Tienda_14,0.9288564176666797
11,Tienda_14,0.8966027917571463
12,Tienda_14,0.9350317912091151
13,Tienda_14,1.01227804966587
14,Tienda_14,1.0016021813583598
15,Tienda_14,1.1193232386185785
16,Tienda_14,1.145530302500279
17,Tienda_14,1.2416129970553451
18,Tienda_14,1.2424749438958944
19,Tienda_14,1.2944599160472863
20,Tienda_14,1.2778095032550933
21,Tienda_14,1.2236360326410323
22,Tienda_14,1.334475319860454
23,Tienda_14,1.4180653508009249
24,Tienda_14,1.394555100917032
1,Tienda_15,0.4829363873540479
2,Tienda_15,0.5735376626054841
3,Tienda_15,0.6180977897575991
4,Tienda_15,0.6620138918768163
5,Tienda_15,0.6401371403245225
6,Tienda_15,0.6333514425472535
7,Tienda_15,0.7750559676777478
8,Tienda_15,0.9214049310487422
9,Tienda_15,0.800432855174911
10,Tienda_15,0.8386587805083655
11,Tienda_15,0.9234532101730965
12,Tienda_15,0.9328539317137158
13,Tienda_15,0.955362787324373
14,Tienda_15,0.9112680421615919
15,Tienda_15,1.1507008809077177
16,Tienda_15,1.3276119843041398
17,Tienda_15,1.2754664375909868
18,Tienda_15,1.2181342557488113
19,Tienda_15,1.28210222996447
20,Tienda_15,1.371001671676671
21,Tienda_15,1.3392435511609546
22,Tienda_15,1.4029076854777527
23,Tienda_15,1.39800848985634
24,Tienda_15,1.5662579930638914
1,Tienda_16,0.3453102716143774
2,Tienda_16,0.4814723009839488
3,Tienda_16,0.4100840843663433
4,Tienda_16,0.4842172076005885
5,Tienda_16,0.5309730865696531
6,Tienda_16,0.6421398925609816
7,Tienda_16,0.6247390215789678
8,Tienda_16,0.6430423746296675
9,Tienda_16,0.8063255409891931
10,Tienda_16,0.8927020923872665
11,Tienda_16,1.0013519864875822
12,Tienda_16,0.9451437506536756
13,Tienda_16,1.0802477734597264
14,Tienda_16,0.987016982388537
15,Tienda_16,0.9973038598334891
16,Tienda_16,1.2567582461550584
17,Tienda_16,1.365465559210434
18,Tienda_16,1.3064081208932838
19,Tienda_16,1.4673660710128125
20,Tienda_16,1.660112746461951
21,Tienda_16,1.4857015906424436
22,Tienda_16,1.5770749698812474
23,Tienda_16,1.4755570119756347
24,Tienda_16,1.5334854576631354
1,Tienda_17,0.32650298869310335
2,Tienda_17,0.3498703062994015
3,Tienda_17,0.46688980676515657
4,Tienda_17,0.5157401216522425
5,Tienda_17,0.5742105641647993
6,Tienda_17,0.675679098707262
7,Tienda_17,0.655756973166617
8,Tienda_17,0.7399510188395859
9,Tienda_17,0.7120985628924411
10,Tienda_17,0.9629677198903687
11,Tienda_17,0.9582630498170357
12,Tienda_17,0.9732095843059718
13,Tienda_17,1.0060568347386563
14,Tienda_17,0.9800839788353047
15,Tienda_17,1.2039322570352662
16,Tienda_17,1.2741645282449943
17,Tienda_17,1.2334663754785238
18,Tienda_17,1.3164875875934463
19,Tienda_17,1.3380518868754876
20,Tienda_17,1.4731427633044216
21,Tienda_17,1.5286405504113916
22,Tienda_17,1.4426093338369614
23,Tienda_17,1.5149004251104898
24,Tienda_17,1.777323683341074
1,Tienda_18,0.5000204183771813
2,Tienda_18,0.5693444456601814
3,Tienda_18,0.5508730717822101
4,Tienda_18,0.588159194431779
5,Tienda_18,0.6534976497083838
6,Tienda_18,0.6923746628933493
7,Tienda_18,0.802925158411566
8,Tienda_18,0.8505934626307573
9,Tienda_18,0.8482936497912186
10,Tienda_18,1.023979016264623
11,Tienda_18,0.8982480944259245
12,Tienda_18,0.9590044389174939
13,Tienda_18,0.850655053734427
14,Tienda_18,0.9679407076680822
15,Tienda_18,1.0749622002915558
16,Tienda_18,1.0386479156413206
17,Tienda_18,1.2237977270112135
18,Tienda_18,1.3815300592454856
19,Tienda_18,1.2551340164720333
20,Tienda_18,1.5292433135249028
21,Tienda_18,1.3115836625269788
22,Tienda_18,1.4636410563213833
23,Tienda_18,1.4285363553888717
24,Tienda_18,1.5370146688790765
1,Tienda_19,0.4424979291298399
2,Tienda_19,0.516501111057143
3,Tienda_19,0.5910262178246102
4,Tienda_19,0.6514758894228317
5,Tienda_19,0.6802617487630725
6,Tienda_19,0.7730573048511219
7,Tienda_19,0.7594968112005006
8,Tienda_19,0.7937496909289048
9,Tienda_19,0.7605359469019721
10,Tienda_19,0.9183279912862993
11,Tienda_19,0.9505843298852776
12,Tienda_19,1.0607551928084766
13,Tienda_19,0.8935921088321226
14,Tienda_19,1.0523780827056632
15,Tienda_19,1.1688043903401253
16,Tienda_19,1.1770850402245558
17,Tienda_19,1.1450793658912355
18,Tienda_19,1.3542420469052994
19,Tienda_19,1.2234661938588214
20,Tienda_19,1.2827059028735388
21,Tienda_19,1.3406446172305913
22,Tienda_19,1.6217051751667881
23,Tienda_19,1.4035571767050419
24,Tienda_19,1.4384697352061644
1,Tienda_20,0.36438661874624495
2,Tienda_20,0.5194477946331252
3,Tienda_20,0.518882476568072
4,Tienda_20,0.5788385199937954
5,Tienda_20,0.7028894654905633
6,Tienda_20,0.6278285394785051
7,Tienda_20,0.7975572933530536
8,Tienda_20,0.784215710054408
9,Tienda_20,0.8565118509170703
10,Tienda_20,0.8678442660685219
11,Tienda_20,0.8478713452315166
12,Tienda_20,0.9388654655785377
13,Tienda_20,0.9769394140038905
14,Tienda_20,1.0739750974407138
15,Tienda_20,1.1046958646771738
16,Tienda_20,1.18539297939911
17,Tienda_20,1.3496177835957068
18,Tienda_20,1.1706357831058207
19,Tienda_20,1.3629643991180402
20,Tienda_20,1.396142252896899
21,Tienda_20,1.4438069089542394
22,Tienda_20,1.5336936473680896
23,Tienda_20,1.5977003407076387
24,Tienda_20,1.3992961826192643
1,Tienda_21,0.3504235341247178
2,Tienda_21,0.3297274743724783
3,Tienda_21,0.45899543693958006
4,Tienda_21,0.5592189455274462
5,Tienda_21,0.5182553028330051
6,Tienda_21,0.6091803291710471
7,Tienda_21,0.696040838026449
8,Tienda_21,0.7890915563898125
9,Tienda_21,0.9961274082448801
10,Tienda_21,0.8305528294662159
11,Tienda_21,0.959672283078487
12,Tienda_21,1.0089774692933169
13,Tienda_21,1.1007516725625903
14,Tienda_21,1.0971850032404766
15,Tienda_21,1.124489345093631
16,Tienda_21,1.2216379738301666
17,Tienda_21,1.2469193100602889
18,Tienda_21,1.282121925013509
19,Tienda_21,1.4304249570704588
20,Tienda_21,1.4920097896295024
21,Tienda_21,1.5213908976277295
22,Tienda_21,1.7614473836057496
23,Tienda_21,1.1567706590873128
24,Tienda_21,1.4585876757111509
1,Tienda_22,0.46983459652473075
2,Tienda_22,0.4887462917927857
3,Tienda_22,0.5724194668815625
4,Tienda_22,0.6204398146120881
5,Tienda_22,0.7578591713631503
6,Tienda_22,0.6242017792147103
7,Tienda_22,0.7262131144291271
8,Tienda_22,0.7830452873745349
9,Tienda_22,0.8062310138114048
10,Tienda_22,0.9403010812738547
11,Tienda_22,1.0079525105804827
12,Tienda_22,1.0949619914179582
13,Tienda_22,1.0446542618076666
14,Tienda_22,1.0854652473771693
15,Tienda_22,1.1798121733376583
16,Tienda_22,1.2069546396989086
17,Tienda_22,1.2270349466222825
18,Tienda_22,1.3436938428002851
19,Tienda_22,1.293772222530809
20,Tienda_22,1.267450804038545
21,Tienda_22,1.337132722972844
22,Tienda_22,1.0936728817436618
23,Tienda_22,1.407716384087299
24,Tienda_22,1.620433753706479
1,Tienda_23,0.4936985586513858
2,Tienda_23,0.49729598091544247
3,Tienda_23,0.5029795331276473
4,Tienda_23,0.6062503963908917
5,Tienda_23,0.5909072266015185
6,Tienda_23,0.6346279936799102
7,Tienda_23,0.7259555495097552
8,Tienda_23,0.81770391505055
9,Tienda_23,0.9005449631719055
10,Tienda_23,1.0087652839856787
11,Tienda_23,0.9677105417298018
12,Tienda_23,1.0232858573657995
13,Tienda_23,0.9362985834606735
14,Tienda_23,1.1192515850957727
15,Tienda_23,1.064457850013303
16,Tienda_23,1.048465550129526
17,Tienda_23,1.1000478417510469
18,Tienda_23,1.3300390794440433
19,Tienda_23,1.583268370549241
20,Tienda_23,1.3472657899117195
21,Tienda_23,1.3936138579270776
22,Tienda_23,1.3713223841444224
23,Tienda_23,1.2523434487686442
24,Tienda_23,1.6838998586242417
1,Tienda_24,0.5320723582308545
2,Tienda_24,0.620864238180865
3,Tienda_24,0.6945951830618553
4,Tienda_24,0.7185955021939212
5,Tienda_24,0.7851135315679183
6,Tienda_24,0.7662394401434498
7,Tienda_24,0.8375513341914859
8,Tienda_24,0.7956875848558519
9,Tienda_24,0.8967643022285754
10,Tienda_24,0.8615877406518188
11,Tienda_24,0.9286448639918587
12,Tienda_24,1.0697906699388575
13,Tienda_24,0.9788455647559341
14,Tienda_24,1.130542321002826
15,Tienda_24,1.101890787010221
16,Tienda_24,1.1455288053751012
17,Tienda_24,1.139947660075412
18,Tienda_24,1.189149098471354
19,Tienda_24,1.228747491242472
20,Tienda_24,1.3312059641191285
21,Tienda_24,1.2700234244711257
22,Tienda_24,1.2762867526227182
23,Tienda_24,1.339646450036152
24,Tienda_24,1.3606789315802432
1,Tienda_25,0.27933962784185745
2,Tienda_25,0.44584243138192126
3,Tienda_25,0.45142207707355586
4,Tienda_25,0.5085850588451793
5,Tienda_25,0.5625357540485805
6,Tienda_25,0.5451822716870591
7,Tienda_25,0.645267263158145
8,Tienda_25,0.8166847163984121
9,Tienda_25,0.759016217993227
10,Tienda_25,0.7406957751911672
11,Tienda_25,0.8475802037707802
12,Tienda_25,1.0637075154749482
13,Tienda_25,1.1161816742974886
14,Tienda_25,1.1544295349157023
15,Tienda_25,1.1758161666929048
16,Tienda_25,1.1533687043111314
17,Tienda_25,1.2612803822150027
18,Tienda_25,1.3251062738816464
19,Tienda_25,1.3131289317437336
20,Tienda_25,1.5181753488185727
21,Tienda_25,1.539498333465503
22,Tienda_25,1.592031311054989
23,Tienda_25,1.5131095412401612
24,Tienda_25,1.67201488449833
1,Tienda_26,0.2717615888092163
2,Tienda_26,0.373567161309446
3,Tienda_26,0.46900606134647665
4,Tienda_26,0.42699013359940674
5,Tienda_26,0.5133549484253436
6,Tienda_26,0.5415939582156648
7,Tienda_26,0.6668544223038472
8,Tienda_26,0.6983583225270328
9,Tienda_26,0.9018240658428084
10,Tienda_26,0.9108779197538532
11,Tienda_26,0.9405333466992905
12,Tienda_26,1.1290760735088161
13,Tienda_26,1.1661642957310443
14,Tienda_26,1.1681376471002693
15,Tienda_26,1.2569021459569796
16,Tienda_26,1.1113768133356612
17,Tienda_26,1.250435228808073
18,Tienda_26,1.2392065271357617
19,Tienda_26,1.3332653924097082
20,Tienda_26,1.0551261579523663
21,Tienda_26,1.6580196878823352
22,Tienda_26,1.5332365190549373
23,Tienda_26,1.6951156093599407
24,Tienda_26,1.6892159729317218
1,Tienda_27,0.5317819551774475
2,Tienda_27,0.6255980488853389
3,Tienda_27,0.6032192063746722
4,Tienda_27,0.7267329892327381
5,Tienda_27,0.6761902110229169
6,Tienda_27,0.7052916799628667
7,Tienda_27,0.792370631098404
8,Tienda_27,0.8121668352004343
9,Tienda_27,0.921013570348109
10,Tienda_27,0.8995586274547398
11,Tienda_27,0.9716858250306876
12,Tienda_27,0.961109125792521
13,Tienda_27,0.9954675569945443
14,Tienda_27,1.068526015916727
15,Tienda_27,1.116979774123288
16,Tienda_27,1.1771864924808193
17,Tienda_27,1.2037153978434247
18,Tienda_27,1.1316461055546028
19,Tienda_27,1.276378071605416
20,Tienda_27,1.2979976221119818
21,Tienda_27,1.258449463584889
22,Tienda_27,1.3659055105655509
23,Tienda_27,1.3955629703782158
24,Tienda_27,1.4854663132596622
1,Tienda_28,0.47425895321275746
2,Tienda_28,0.45417812940173985
3,Tienda_28,0.49237734947592704
4,Tienda_28,0.5819738358844365
5,Tienda_28,0.6154143612980533
6,Tienda_28,0.7078526229029094
7,Tienda_28,0.7400472977349227
8,Tienda_28,0.7915176988054538
9,Tienda_28,0.927415951827555
10,Tienda_28,0.940111748543732
11,Tienda_28,0.8491572304626468
12,Tienda_28,1.13039783273582
13,Tienda_28,1.1924889416885054
14,Tienda_28,0.9615742295536087
15,Tienda_28,1.1906377584509893
16,Tienda_28,1.2839447576724392
17,Tienda_28,1.3559550449460123
18,Tienda_28,1.1049925961371159
19,Tienda_28,1.3213819961706235
20,Tienda_28,1.344852574323585
21,Tienda_28,1.424255188141388
22,Tienda_28,1.3747305075968985
23,Tienda_28,1.2598129797988966
24,Tienda_28,1.4806704132339847
1,Tienda_29,0.4098778699854691
2,Tienda_29,0.49669624503459764
3,Tienda_29,0.5474276011673227
4,Tienda_29,0.5814227988683613
5,Tienda_29,0.6043195670943745
6,Tienda_29,0.7110979274716344
7,Tienda_29,0.7319486648319716
8,Tienda_29,0.7117785767631721
9,Tienda_29,0.8973940786298782
10,Tienda_29,0.8777531208558051
11,Tienda_29,1.0066591222224224
12,Tienda_29,0.9286163354406329
13,Tienda_29,1.1613648531309164
14,Tienda_29,1.030632990381091
15,Tienda_29,1.0533343925670393
16,Tienda_29,1.223419248144543
17,Tienda_29,1.1144856945783428
18,Tienda_29,1.2668172237350763
19,Tienda_29,1.4270897550767299
20,Tienda_29,1.2237083342837205
21,Tienda_29,1.6813762260295493
22,Tienda_29,1.535842250967874
23,Tienda_29,1.4144059353961755
24,Tienda_29,1.3625311873432973
1,Tienda_30,0.3309767994121825
2,Tienda_30,0.3688294386832763
3,Tienda_30,0.46765412550279184
4,Tienda_30,0.5059537866546087
5,Tienda_30,0.6323428125891702
6,Tienda_30,0.7114213016264636
7,Tienda_30,0.6319886611726337
8,Tienda_30,0.7507106531440148
9,Tienda_30,0.7542533375862465
10,Tienda_30,0.9219375725473891
11,Tienda_30,0.9251831214718547
12,Tienda_30,0.9439831086073307
13,Tienda_30,0.9733916857566687
14,Tienda_30,1.10207181110369
15,Tienda_30,1.0491027397574688
16,Tienda_30,1.2619437116139784
17,Tienda_30,1.291471883479997
18,Tienda_30,1.0818269135214154
19,Tienda_30,1.3362946144271302
20,Tienda_30,1.6137272907081022
21,Tienda_30,1.3889123011023485
22,Tienda_30,1.7057827205834766
23,Tienda_30,1.4911910244662334
24,Tienda_30,1.7590485844815313
1,Tienda_31,0.32160781231019103
2,Tienda_31,0.40450915830590795
3,Tienda_31,0.4472803365027151
4,Tienda_31,0.4762578571266443
5,Tienda_31,0.5561494755940471
6,Tienda_31,0.603401792792952
7,Tienda_31,0.717043853419175
8,Tienda_31,0.5913280341573737
9,Tienda_31,0.6878389509317767
10,Tienda_31,0.809394215658505
11,Tienda_31,0.9203032994453522
12,Tienda_31,1.0205993010811816
13,Tienda_31,1.1458658797427295
14,Tienda_31,0.9220802966189667
15,Tienda_31,1.3123991114442008
16,Tienda_31,1.052553438867088
17,Tienda_31,1.2208001978174052
18,Tienda_31,1.401218169173473
19,Tienda_31,1.6654567631455397
20,Tienda_31,1.3922007647582826
21,Tienda_31,1.4651007464890988
22,Tienda_31,1.5954711009510065
23,Tienda_31,1.7169047484400741
24,Tienda_31,1.5542346952263137
1,Tienda_32,0.3672198509021407
2,Tienda_32,0.32582617963749233
3,Tienda_32,0.4660458346461293
4,Tienda_32,0.513595127655383
5,Tienda_32,0.5671789282759372
6,Tienda_32,0.7144419412949647
7,Tienda_32,0.6958445805861986
8,Tienda_32,0.7303418341370461
9,Tienda_32,0.8818716216588397
10,Tienda_32,0.9678380027653426
11,Tienda_32,0.9250007693403395
12,Tienda_32,0.9715215420755651
13,Tienda_32,0.9336708200855475
14,Tienda_32,1.0967020813449713
15,Tienda_32,1.21836314655901
16,Tienda_32,1.200153762966656
17,Tienda_32,1.0750149047504547
18,Tienda_32,1.2108865889751361
19,Tienda_32,1.1950777784567308
20,Tienda_32,1.5252213014775116
21,Tienda_32,1.544718191724967
22,Tienda_32,1.344729064221717
23,Tienda_32,1.8077152284047424
24,Tienda_32,1.721020918057175
1,Tienda_33,0.3281298570624664
2,Tienda_33,0.335035276255677
3,Tienda_33,0.4460573279646007
4,Tienda_33,0.5557241142195519
5,Tienda_33,0.5944608529852857
6,Tienda_33,0.4667570021172148
7,Tienda_33,0.6547943092208426
8,Tienda_33,0.7446093385303468
9,Tienda_33,0.7206446043448664
10,Tienda_33,0.802497654949876
11,Tienda_33,0.956884640046085
12,Tienda_33,1.0976935471218923
13,Tienda_33,1.1039532575768427
14,Tienda_33,1.2426489237428768
15,Tienda_33,1.1261204030932295
16,Tienda_33,1.2061130323885074
17,Tienda_33,1.0438651135386006
18,Tienda_33,1.354163348960607
19,Tienda_33,1.4168150585307693
20,Tienda_33,1.4667732571250118
21,Tienda_33,1.4461373758272003
22,Tienda_33,1.4511225560229075
23,Tienda_33,1.5934839136836685
24,Tienda_33,1.845515234691072
1,Tienda_34,0.5312807648611835
2,Tienda_34,0.6086167642904664
3,Tienda_34,0.6801410648485237
4,Tienda_34,0.6596462136388332
5,Tienda_34,0.7262845621595154
6,Tienda_34,0.7678516136373382
7,Tienda_34,0.7276115599500228
8,Tienda_34,0.8782171599345017
9,Tienda_34,0.9429450481227394
10,Tienda_34,1.013046483846597
11,Tienda_34,0.8911677105364593
12,Tienda_34,0.9806531368798248
13,Tienda_34,1.029330561955112
14,Tienda_34,1.0690838727682184
15,Tienda_34,1.0322944111411554
16,Tienda_34,1.0465491785355965
17,Tienda_34,1.1552247884266653
18,Tienda_34,1.15563226152962
19,Tienda_34,1.256882361811533
20,Tienda_34,1.2587917509605249
21,Tienda_34,1.3290227925088869
22,Tienda_34,1.4479832770544678
23,Tienda_34,1.3708203246576323
24,Tienda_34,1.4409223359445815
1,Tienda_35,0.5726501107661756
2,Tienda_35,0.5894417180599855
3,Tienda_35,0.6979695843102457
4,Tienda_35,0.6762387462660154
5,Tienda_35,0.6542614195419508
6,Tienda_35,0.7382028450741426
7,Tienda_35,0.7768057914771437
8,Tienda_35,0.763396198359334
9,Tienda_35,0.8094075256321803
10,Tienda_35,0.8969148385403122
11,Tienda_35,1.0657399924361273
12,Tienda_35,1.0480338861036183
13,Tienda_35,1.0202400999472383
14,Tienda_35,1.0285366364958528
15,Tienda_35,1.02769848443299
16,Tienda_35,1.2032781359239324
17,Tienda_35,1.1752107328054961
18,Tienda_35,1.1681098511142054
19,Tienda_35,1.2565073991482354
20,Tienda_35,1.2970200872310118
21,Tienda_35,1.4320086726051406
22,Tienda_35,1.3263842803823003
23,Tienda_35,1.2938567908375687
24,Tienda_35,1.482086172508798
1,Tienda_36,0.4451133989059241
2,Tienda_36,0.5056367097540349
3,Tienda_36,0.6167403546480698
4,Tienda_36,0.6401663529570084
5,Tienda_36,0.6205468333507255
6,Tienda_36,0.7227756709581887
7,Tienda_36,0.6994004977970911
8,Tienda_36,0.8090216391012146
9,Tienda_36,0.8095254046181083
10,Tienda_36,0.8623143903684777
11,Tienda_36,0.8768612141021876
12,Tienda_36,0.8806030630310375
13,Tienda_36,1.0261870111651457
14,Tienda_36,1.1253726135288686
15,Tienda_36,1.2030817084371033
16,Tienda_36,1.4448120258893058
17,Tienda_36,1.098986552065583
18,Tienda_36,1.1308472892521646
19,Tienda_36,1.235997220423569
20,Tienda_36,1.329842168817743
21,Tienda_36,1.3041144467195538
22,Tienda_36,1.3876565856514926
23,Tienda_36,1.5565365012431958
24,Tienda_36,1.6678603472142075
1,Tienda_37,0.4675280032930807
2,Tienda_37,0.5209941468730629
3,Tienda_37,0.5564722077668915
4,Tienda_37,0.5631623037764091
5,Tienda_37,0.659922753394511
6,Tienda_37,0.6275679005763736
7,Tienda_37,0.6862065382795046
8,Tienda_37,0.7682254234357532
9,Tienda_37,0.8717708855594788
10,Tienda_37,0.8300406874196367
11,Tienda_37,0.8101721223280335
12,Tienda_37,1.1034807026788067
13,Tienda_37,1.057175460482293
14,Tienda_37,1.0924418028136955
15,Tienda_37,1.0553835992994476
16,Tienda_37,1.2694460237870706
17,Tienda_37,1.3034897285641318
18,Tienda_37,1.2696874549701593
19,Tienda_37,1.306153619936055
20,Tienda_37,1.4394105857243171
21,Tienda_37,1.4841070104085319
22,Tienda_37,1.4467804504347341
23,Tienda_37,1.3977410373061792
24,Tienda_37,1.4126395508918452
1,Tienda_38,0.6156675708145112
2,Tienda_38,0.6197770193244606
3,Tienda_38,0.6576213618564981
4,Tienda_38,0.6541984975487908
5,Tienda_38,0.7712986164047406
6,Tienda_38,0.7904112846190591
7,Tienda_38,0.7951078987676276
8,Tienda_38,0.7251592809906741
9,Tienda_38,0.9183629145244578
10,Tienda_38,0.8498794957482846
11,Tienda_38,0.9345431549745296
12,Tienda_38,0.913138855131154
13,Tienda_38,0.9805808215776359
14,Tienda_38,0.9979862314099618
15,Tienda_38,1.0730908633655394
16,Tienda_38,1.0859809662135442
17,Tienda_38,1.2491184929613688
18,Tienda_38,1.3214795607488135
19,Tienda_38,1.1717721687062705
20,Tienda_38,1.2988955294502056
21,Tienda_38,1.4204824026529173
22,Tienda_38,1.3436375326694914
23,Tienda_38,1.4657603734186428
24,Tienda_38,1.34604910612082
1,Tienda_39,0.45866073513620986
2,Tienda_39,0.5037497737346457
3,Tienda_39,0.5764986091730762
4,Tienda_39,0.6554453214415872
5,Tienda_39,0.6321389095320612
6,Tienda_39,0.7236251734121221
7,Tienda_39,0.692226920821786
8,Tienda_39,0.702929765813372
9,Tienda_39,0.865355207500412
10,Tienda_39,0.7941462719337771
11,Tienda_39,0.9199635269138065
12,Tienda_39,0.9967371684749254
13,Tienda_39,1.0875101226083106
14,Tienda_39,0.9963218664643607
15,Tienda_39,1.1751722905206208
16,Tienda_39,1.260242518420957
17,Tienda_39,1.2186029053003296
18,Tienda_39,1.4177642538987725
19,Tienda_39,1.1066541657629643
20,Tienda_39,1.2706129018296342
21,Tienda_39,1.4055861584314875
22,Tienda_39,1.4154448997495115
23,Tienda_39,1.440173329930922
24,Tienda_39,1.6844372031943462
1,Tienda_40,0.4903680090244061
2,Tienda_40,0.5498439033695042
3,Tienda_40,0.5115297497380139
4,Tienda_40,0.6297541460682665
5,Tienda_40,0.5742149074510692
6,Tienda_40,0.6711917069776422
7,Tienda_40,0.7319144086436712
8,Tienda_40,0.7960396357437315
9,Tienda_40,0.8167044461399252
10,Tienda_40,0.9327171926770063
11,Tienda_40,0.987710055293294
12,Tienda_40,0.9661456040069566
13,Tienda_40,0.9267703246638449
14,Tienda_40,0.9763634875276607
15,Tienda_40,1.062153394511412
16,Tienda_40,1.2312141527159957
17,Tienda_40,1.189902316516119
18,Tienda_40,1.1512713701871853
19,Tienda_40,1.4418913838706242
20,Tienda_40,1.3403420498747227
21,Tienda_40,1.253276516869195
22,Tienda_40,1.6247757477098055
23,Tienda_40,1.4132747759183402
24,Tienda_40,1.7306307145016067
1,Tienda_41,0.5769831851063747
2,Tienda_41,0.6515457046253147
3,Tienda_41,0.6780521306147997
4,Tienda_41,0.7117393383614035
5,Tienda_41,0.6776217429781336
6,Tienda_41,0.7153527773335185
7,Tienda_41,0.8606656344864723
8,Tienda_41,0.8064039194951378
9,Tienda_41,0.880104414951579
10,Tienda_41,0.8811823938328571
11,Tienda_41,1.0185577225270461
12,Tienda_41,1.0191819387400343
13,Tienda_41,0.9338822309058156
14,Tienda_41,1.0816167615322168
15,Tienda_41,1.096402125294421
16,Tienda_41,1.134517985285122
17,Tienda_41,1.0979195479242274
18,Tienda_41,1.237833885411717
19,Tienda_41,1.278592750154092
20,Tienda_41,1.3239124990382176
21,Tienda_41,1.2425267826595012
22,Tienda_41,1.1516822547827523
23,Tienda_41,1.4697034040000483
24,Tienda_41,1.4740188699592014
1,Tienda_42,0.5431934033163732
2,Tienda_42,0.4758729696071149
3,Tienda_42,0.6072651091626169
4,Tienda_42,0.6041316892888327
5,Tienda_42,0.7219557090376532
6,Tienda_42,0.7271602571707486
7,Tienda_42,0.8007948508678716
8,Tienda_42,0.7095296700111063
9,Tienda_42,0.7308405621021117
10,Tienda_42,0.8465365206046291
11,Tienda_42,0.8709009000665807
12,Tienda_42,1.0482489752277924
13,Tienda_42,0.9168145112763902
14,Tienda_42,1.28603480152517
15,Tienda_42,1.20902129333383
16,Tienda_42,1.143625753011185
17,Tienda_42,1.1283233122248961
18,Tienda_42,1.371226596699791
19,Tienda_42,1.3922831772926714
20,Tienda_42,1.3572771175132665
21,Tienda_42,1.292193554021523
22,Tienda_42,1.4670987853191673
23,Tienda_42,1.2356541219969015
24,Tienda_42,1.514016359321772
1,Tienda_43,0.44661721971830687
2,Tienda_43,0.46978718087051624
3,Tienda_43,0.5340759759464849
4,Tienda_43,0.5880035423273493
5,Tienda_43,0.5998631132988087
6,Tienda_43,0.7971695825112115
7,Tienda_43,0.7050024276793716
8,Tienda_43,0.7290252675216391
9,Tienda_43,0.8821925427568963
10,Tienda_43,0.8305950085723852
11,Tienda_43,0.857439277278876
12,Tienda_43,1.0556066445192194
13,Tienda_43,1.0727200024028252
14,Tienda_43,0.9712972019345192
15,Tienda_43,1.2220945834392556
16,Tienda_43,1.1711551138139245
17,Tienda_43,1.1399524317853573
18,Tienda_43,1.1564850106432505
19,Tienda_43,1.4410865895256308
20,Tienda_43,1.368204376197198
21,Tienda_43,1.527082445974515
22,Tienda_43,1.4815110093422763
23,Tienda_43,1.4881739096851638
24,Tienda_43,1.4648595422550148
1,Tienda_44,0.45836498598318826
2,Tienda_44,0.5206289440226985
3,Tienda_44,0.5375456346320118
4,Tienda_44,0.5961680848223948
5,Tienda_44,0.5936034606445421
6,Tienda_44,0.6593573042539521
7,Tienda_44,0.7919480345352752
8,Tienda_44,0.7608033356067935
9,Tienda_44,0.886854734218208
10,Tienda_44,0.8644897790809914
11,Tienda_44,0.9437197180528258
12,Tienda_44,0.9557360812825515
13,Tienda_44,0.9638935800782681
14,Tienda_44,1.08613883867743
15,Tienda_44,1.1172480073864184
16,Tienda_44,1.3316772220833122
17,Tienda_44,1.1650964994846846
18,Tienda_44,0.9570493298238811
19,Tienda_44,1.4080610741678272
20,Tienda_44,1.4188627786643002
21,Tienda_44,1.6327255528236817
22,Tienda_44,1.544884332240119
23,Tienda_44,1.4923839512631079
24,Tienda_44,1.3127587361715338
1,Tienda_45,0.44472294493838604
2,Tienda_45,0.5437635019275415
3,Tienda_45,0.511158523547016
4,Tienda_45,0.6419976860300801
5,Tienda_45,0.7233594678932649
6,Tienda_45,0.7217080959936221
7,Tienda_45,0.713322606675531
8,Tienda_45,0.7508271717568792
9,Tienda_45,0.8713776074548849
10,Tienda_45,0.9780828344064975
11,Tienda_45,1.0391064251656579
12,Tienda_45,0.9873815764407949
13,Tienda_45,1.1369286665729457
14,Tienda_45,1.0439896224659098
15,Tienda_45,1.0645729052275443
16,Tienda_45,1.1289461448535845
17,Tienda_45,1.1248199066882885
18,Tienda_45,1.195173641326486
19,Tienda_45,1.2306238898484183
20,Tienda_45,1.2954902348134694
21,Tienda_45,1.3103923022800987
22,Tienda_45,1.5124944999728855
23,Tienda_45,1.5437067759340404
24,Tienda_45,1.486052967786168
1,Tienda_46,0.4986227998447546
2,Tienda_46,0.5073045503539488
3,Tienda_46,0.4745530665571276
4,Tienda_46,0.650769693521241
5,Tienda_46,0.6022370058618629
6,Tienda_46,0.7443534605984565
7,Tienda_46,0.7084563607420782
8,Tienda_46,0.7937803880267862
9,Tienda_46,0.8555119623442802
10,Tienda_46,0.9039013479939816
11,Tienda_46,0.9708817112043585
12,Tienda_46,0.979009717199223
13,Tienda_46,1.0024494106740418
14,Tienda_46,1.1516351993289364
15,Tienda_46,1.2343304494246778
16,Tienda_46,1.111959158018079
17,Tienda_46,1.1332099200119694
18,Tienda_46,1.1229681678641215
19,Tienda_46,1.4392552739013638
20,Tienda_46,1.4021679107890515
21,Tienda_46,1.3592629673072099
22,Tienda_46,1.3979324046977755
23,Tienda_46,1.4951233076273716
24,Tienda_46,1.460323766107305
1,Tienda_47,0.6415401540985791
2,Tienda_47,0.6080071099635699
3,Tienda_47,0.6579615724544633
4,Tienda_47,0.6820977838293247
5,Tienda_47,0.6977481023775878
6,Tienda_47,0.7112065922650885
7,Tienda_47,0.770399676242155
8,Tienda_47,0.8043627053889667
9,Tienda_47,0.8949427761080341
10,Tienda_47,0.8810633723654744
11,Tienda_47,0.9439086203106647
12,Tienda_47,1.0034266311722397
13,Tienda_47,1.0007636498632184
14,Tienda_47,1.0664539556412973
15,Tienda_47,1.0520940020217981
16,Tienda_47,1.2367621550758787
17,Tienda_47,1.1123483679549682
18,Tienda_47,1.1222401960388757
19,Tienda_47,1.2625958886803617
20,Tienda_47,1.2801532110006082
21,Tienda_47,1.2639374885601307
22,Tienda_47,1.5160689340595064
23,Tienda_47,1.3963323388785411
24,Tienda_47,1.3935847156486676
1,Tienda_48,0.5125104160519866
2,Tienda_48,0.6145000499958688
3,Tienda_48,0.6827695611258822
4,Tienda_48,0.6997150644947493
5,Tienda_48,0.7041431842956865
6,Tienda_48,0.7710943081896612
7,Tienda_48,0.6958919661819895
8,Tienda_48,0.8403656959735151
9,Tienda_48,0.8632598784493746
10,Tienda_48,0.9259679493898694
11,Tienda_48,0.9871271062699438
12,Tienda_48,1.0613162638929763
13,Tienda_48,1.107908767447503
14,Tienda_48,0.9962200598701645
15,Tienda_48,1.1021269553687738
16,Tienda_48,1.1753240433943208
17,Tienda_48,1.0545567369223325
18,Tienda_48,1.231512117723877
19,Tienda_48,1.282462262778778
20,Tienda_48,1.2075847601511083
21,Tienda_48,1.3150408359234187
22,Tienda_48,1.3657842659028243
23,Tienda_48,1.326536416843354
24,Tienda_48,1.4762813333620406
1,Tienda_49,0.47271375372284347
2,Tienda_49,0.5173591160547448
3,Tienda_49,0.5310451352567627
4,Tienda_49,0.5983348460758089
5,Tienda_49,0.5724828612422298
6,Tienda_49,0.5976993465270581
7,Tienda_49,0.7070462302256304
8,Tienda_49,0.873273117545625
9,Tienda_49,0.8285196029313182
10,Tienda_49,0.829660488662402
11,Tienda_49,0.8075355666048393
12,Tienda_49,0.8894393869654029
13,Tienda_49,1.017907956730096
14,Tienda_49,1.2059087635560723
15,Tienda_49,0.9808504949834467
16,Tienda_49,1.2912695958646163
17,Tienda_49,1.3723914118733227
18,Tienda_49,1.3986012113878088
19,Tienda_49,1.454074946541002
20,Tienda_49,1.3747767326255904
21,Tienda_49,1.3390165199906758
22,Tienda_49,1.5744205359552377
23,Tienda_49,1.4362943556349554
24,Tienda_49,1.3293780230425107
1,Tienda_50,0.44615667316743035
2,Tienda_50,0.5209522104139792
3,Tienda_50,0.6295024310884363
4,Tienda_50,0.5643190996550038
5,Tienda_50,0.7410202939497061
6,Tienda_50,0.5837874366060085
7,Tienda_50,0.7933315249591892
8,Tienda_50,0.5997304268831759
9,Tienda_50,0.8554611284811982
10,Tienda_50,0.8905334839207549
11,Tienda_50,0.8319606374190355
12,Tienda_50,0.9831830123485719
13,Tienda_50,1.008560910470342
14,Tienda_50,0.945147297293693
15,Tienda_50,1.059021889920424
16,Tienda_50,1.2378032072022365
17,Tienda_50,1.3463583743576197
18,Tienda_50,1.3042596395560917
19,Tienda_50,1.2372243705529085
20,Tienda_50,1.430201967281619
21,Tienda_50,1.4212988860754352
22,Tienda_50,1.3526174719345578
23,Tienda_50,1.5702968842186262
24,Tienda_50,1.6472707422439499
1,Tienda_51,0.5003722309321413
2,Tienda_51,0.46757419394166105
3,Tienda_51,0.5832176596144114
4,Tienda_51,0.6691929416039314
5,Tienda_51,0.646885632728348
6,Tienda_51,0.7082577843149312
7,Tienda_51,0.8136096541341843
8,Tienda_51,0.7708233079778317
9,Tienda_51,0.866873436016165
10,Tienda_51,0.8769316312988712
11,Tienda_51,0.9706346275901689
12,Tienda_51,0.8405762280866578
13,Tienda_51,1.0419189706472245
14,Tienda_51,1.0375610261909378
15,Tienda_51,1.1132170066757376
16,Tienda_51,1.1798672336173068
17,Tienda_51,1.1517792992396334
18,Tienda_51,1.232289741600615
19,Tienda_51,1.2578142938899326
20,Tienda_51,1.3004884370433238
21,Tienda_51,1.5283992876939934
22,Tienda_51,1.450150019214615
23,Tienda_51,1.5633363467511763
24,Tienda_51,1.4282290091962029
1,Tienda_52,0.42937262896872747
2,Tienda_52,0.49377593530268865
3,Tienda_52,0.5321169423363795
4,Tienda_52,0.6547292232460984
5,Tienda_52,0.6511582994839653
6,Tienda_52,0.7693614930087487
7,Tienda_52,0.7273866739974015
8,Tienda_52,0.8646453809511038
9,Tienda_52,0.7695807538362482
10,Tienda_52,0.7752528336629585
11,Tienda_52,0.9505786409041004
12,Tienda_52,0.9856983200287978
13,Tienda_52,1.1578184464201942
14,Tienda_52,1.1521759300265806
15,Tienda_52,1.3088361560488242
16,Tienda_52,1.151176333331021
17,Tienda_52,1.1415156652634215
18,Tienda_52,1.1160672184597444
19,Tienda_52,1.294829812253501
20,Tienda_52,1.344158350229772
21,Tienda_52,1.20585477153848
22,Tienda_52,1.5559168489574176
23,Tienda_52,1.6474413889842923
24,Tienda_52,1.3205519527595344
1,Tienda_53,0.4293613639565615
2,Tienda_53,0.49412933344336235
3,Tienda_53,0.5272470008391874
4,Tienda_53,0.5641821029362653
5,Tienda_53,0.6234389674394288
6,Tienda_53,0.689064945400616
7,Tienda_53,0.7082757229644868
8,Tienda_53,0.8495494048541792
9,Tienda_53,0.8748216529811627
10,Tienda_53,0.8807524550195619
11,Tienda_53,1.0943130027358863
12,Tienda_53,1.0106777497110677
13,Tienda_53,0.887825759085923
14,Tienda_53,1.013589362974536
15,Tienda_53,1.193928709882904
16,Tienda_53,1.1357904308285889
17,Tienda_53,1.2089633054298625
18,Tienda_53,1.272855280502427
19,Tienda_53,1.2846410626913607
20,Tienda_53,1.5543946883963116
21,Tienda_53,1.42302744761195
22,Tienda_53,1.3185640265091476
23,Tienda_53,1.4275962858785876
24,Tienda_53,1.5330099379266364
1,Tienda_54,0.5931032477339706
2,Tienda_54,0.5686368892690356
3,Tienda_54,0.6325116309337439
4,Tienda_54,0.6734492001357338
5,Tienda_54,0.7256236483211014
6,Tienda_54,0.8033412275237913
7,Tienda_54,0.8050585163327302
8,Tienda_54,0.8005779318662358
9,Tienda_54,0.9167118169179814
10,Tienda_54,0.8800786581943777
11,Tienda_54,1.025808491250254
12,Tienda_54,1.0178447100682868
13,Tienda_54,1.0049939700527537
14,Tienda_54,1.000611734721654
15,Tienda_54,1.1134023091695688
16,Tienda_54,1.1277278498291643
17,Tienda_54,1.161454733005049
18,Tienda_54,1.293465797889769
19,Tienda_54,1.2082108052058265
20,Tienda_54,1.3259736077253552
21,Tienda_54,1.390319139777761
22,Tienda_54,1.2670528685952644
23,Tienda_54,1.3306120302061264
24,Tienda_54,1.333429185274462
1,Tienda_55,0.28626463756140513
2,Tienda_55,0.45400437994031334
3,Tienda_55,0.4056577760569304
4,Tienda_55,0.5011789640362236
5,Tienda_55,0.5936660363402264
6,Tienda_55,0.5701101880793871
7,Tienda_55,0.8793498460427195
8,Tienda_55,0.7413328942438739
9,Tienda_55,0.6019448115000368
10,Tienda_55,0.8973365042779187
11,Tienda_55,0.9818279655657851
12,Tienda_55,1.099669541876218
13,Tienda_55,0.8728191230332155
14,Tienda_55,1.040858969082211
15,Tienda_55,1.065694717936032
16,Tienda_55,1.2492866093941024
17,Tienda_55,1.3235817119810014
18,Tienda_55,1.2568637041078776
19,Tienda_55,1.4042639820425502
20,Tienda_55,1.539400995676704
21,Tienda_55,1.5827767032473943
22,Tienda_55,1.1952085361533669
23,Tienda_55,1.4859743090916813
24,Tienda_55,1.9709270927328244
1,Tienda_56,0.4537857425461249
2,Tienda_56,0.5098064104709512
3,Tienda_56,0.5558613018202011
4,Tienda_56,0.6280806426224477
5,Tienda_56,0.6520038977962177
6,Tienda_56,0.5960062726212015
7,Tienda_56,0.7487981748638494
8,Tienda_56,0.8468962772495292
9,Tienda_56,0.8499897775760137
10,Tienda_56,0.8451807975678256
11,Tienda_56,0.9148141021167747
12,Tienda_56,0.9144501670530376
13,Tienda_56,1.1616141891727119
14,Tienda_56,1.0824832391480406
15,Tienda_56,1.0657582458211925
16,Tienda_56,1.0529338382319597
17,Tienda_56,1.3073484557203818
18,Tienda_56,1.2534497728408474
19,Tienda_56,1.135654839526522
20,Tienda_56,1.4419228821708674
21,Tienda_56,1.2942989997287155
22,Tienda_56,1.6389360602514254
23,Tienda_56,1.382600902428209
24,Tienda_56,1.6673250106549549
1,Tienda_57,0.3368674816209195
2,Tienda_57,0.4566459205178088
3,Tienda_57,0.40874668533355163
4,Tienda_57,0.4354117522334767
5,Tienda_57,0.5787132132978605
6,Tienda_57,0.6362250213005823
7,Tienda_57,0.7111102381227794
8,Tienda_57,0.8184717843425955
9,Tienda_57,0.6820550957963357
10,Tienda_57,0.862678043083306
11,Tienda_57,1.0095758132437342
12,Tienda_57,0.8130819517679583
13,Tienda_57,1.2452533521338456
14,Tienda_57,1.0504628470962938
15,Tienda_57,1.2089162196781127
16,Tienda_57,0.9724496641687106
17,Tienda_57,1.1086546292724697
18,Tienda_57,1.4822488640565148
19,Tienda_57,1.279589643611984
20,Tienda_57,1.6359589070376195
21,Tienda_57,1.4081414342442633
22,Tienda_57,1.6479656658265145
23,Tienda_57,1.6151478395510859
24,Tienda_57,1.5956279326616771
1,Tienda_58,0.44463182513013716
2,Tienda_58,0.4937488911167032
3,Tienda_58,0.5269988250959697
4,Tienda_58,0.5946609658152024
5,Tienda_58,0.6610903693901978
6,Tienda_58,0.6615608224137282
7,Tienda_58,0.697204930893416
8,Tienda_58,0.7446990300134615
9,Tienda_58,0.9814743518038981
10,Tienda_58,0.8588612052299107
11,Tienda_58,0.7577815884791873
12,Tienda_58,1.0217448159831402
13,Tienda_58,1.1062650351579857
14,Tienda_58,1.1493327516388685
15,Tienda_58,1.169357533412379
16,Tienda_58,1.3268464448193649
17,Tienda_58,1.2931442713837604
18,Tienda_58,1.236192910412778
19,Tienda_58,1.2269815853559523
20,Tienda_58,1.4132353865166145
21,Tienda_58,1.4718667085653434
22,Tienda_58,1.2789562848404405
23,Tienda_58,1.3333066504600424
24,Tienda_58,1.550056816071518
1,Tienda_59,0.47483760266256353
2,Tienda_59,0.5522083844104373
3,Tienda_59,0.5591065153167857
4,Tienda_59,0.666558023047134
5,Tienda_59,0.6321466069595157
6,Tienda_59,0.6958308741911161
7,Tienda_59,0.7401403369550698
8,Tienda_59,0.7813249408666288
9,Tienda_59,0.8131133985823724
10,Tienda_59,0.9004310271307443
11,Tienda_59,0.945125721938902
12,Tienda_59,0.9879768350765568
13,Tienda_59,0.9869366174619513
14,Tienda_59,0.9777343723406052
15,Tienda_59,1.1172704763367638
16,Tienda_59,1.1137563240202042
17,Tienda_59,1.167818996030167
18,Tienda_59,1.46230380635038
19,Tienda_59,1.3423735626915456
20,Tienda_59,1.4347275149757468
21,Tienda_59,1.3330846479998506
22,Tienda_59,1.3287830547749355
23,Tienda_59,1.4150337114712894
24,Tienda_59,1.5713766484087324
1,Tienda_60,0.3981482609553989
2,Tienda_60,0.48938218379443693
3,Tienda_60,0.558040998544623
4,Tienda_60,0.6943202861749922
5,Tienda_60,0.5906344547544603
6,Tienda_60,0.7453508573911684
7,Tienda_60,0.7739805073169065
8,Tienda_60,0.8238505544338177
9,Tienda_60,0.9140483967461405
10,Tienda_60,0.9414516202521248
11,Tienda_60,0.8744746809890571
12,Tienda_60,0.9987362488171735
13,Tienda_60,1.1246999855605957
14,Tienda_60,1.0208746940005573
15,Tienda_60,1.0544587453182368
16,Tienda_60,1.1015329126488889
17,Tienda_60,1.3273783398288188
18,Tienda_60,1.1066011918416716
19,Tienda_60,1.1709920674888863
20,Tienda_60,1.406386147531688
21,Tienda_60,1.3197566279808512
22,Tienda_60,1.379043034886514
23,Tienda_60,1.4520311710391145
24,Tienda_60,1.7338260317038734
1,Tienda_61,0.30735536591766427
2,Tienda_61,0.41129567021986985
3,Tienda_61,0.39924914933845196
4,Tienda_61,0.4126980011482674
5,Tienda_61,0.5075503687884586
6,Tienda_61,0.6818364188224558
7,Tienda_61,0.6726042919793399
8,Tienda_61,0.7927407266364357
9,Tienda_61,0.8989653119092257
10,Tienda_61,0.7765021660135184
11,Tienda_61,0.9043064478868156
12,Tienda_61,0.8769055342444759
13,Tienda_61,0.9011102162303632
14,Tienda_61,1.1224115169905395
15,Tienda_61,1.2164636702071743
16,Tienda_61,1.0112093637482793
17,Tienda_61,1.2720371606978962
18,Tienda_61,1.1669917650549242
19,Tienda_61,1.4723150042503894
20,Tienda_61,1.4835224075425844
21,Tienda_61,1.6315767023184824
22,Tienda_61,1.7463528417491463
23,Tienda_61,1.5519633494998486
24,Tienda_61,1.782036548805392
1,Tienda_62,0.305846804367243
2,Tienda_62,0.3868272574517288
3,Tienda_62,0.5144248747933836
4,Tienda_62,0.5216528416280086
5,Tienda_62,0.5821711321406218
6,Tienda_62,0.7053140772222161
7,Tienda_62,0.6634611916174171
8,Tienda_62,0.8491376776967454
9,Tienda_62,0.9152695935664427
10,Tienda_62,0.7251019506954692
11,Tienda_62,0.792752699515086
12,Tienda_62,1.0432797242493037
13,Tienda_62,1.0077469758723143
14,Tienda_62,1.310252157797602
15,Tienda_62,0.9318864716139064
16,Tienda_62,1.1821981770076386
17,Tienda_62,1.2520811710431572
18,Tienda_62,1.1295200454527863
19,Tienda_62,1.2712281997434811
20,Tienda_62,1.4140926294819516
21,Tienda_62,1.5169153626258283
22,Tienda_62,1.439242252846257
23,Tienda_62,1.8022803667340828
24,Tienda_62,1.737316364837331
1,Tienda_63,0.5618006566371359
2,Tienda_63,0.5993233480253171
3,Tienda_63,0.7048381660468663
4,Tienda_63,0.7048025682120986
5,Tienda_63,0.707290658295191
6,Tienda_63,0.7679658764375831
7,Tienda_63,0.8462399779409235
8,Tienda_63,0.7797841959758953
9,Tienda_63,0.8042339012262433
10,Tienda_63,0.9333300663263203
11,Tienda_63,0.8872155110867188
12,Tienda_63,1.0291308200854103
13,Tienda_63,1.0308203019502853
14,Tienda_63,1.0848014752756359
15,Tienda_63,1.1163061465400197
16,Tienda_63,1.1247522193650703
17,Tienda_63,1.0901061437049622
18,Tienda_63,1.2180869515959698
19,Tienda_63,1.2849781234979618
20,Tienda_63,1.2315489764741114
21,Tienda_63,1.2658915011633196
22,Tienda_63,1.4128056674915492
23,Tienda_63,1.350282262582228
24,Tienda_63,1.4636644840631863
1,Tienda_64,0.40259010570567794
2,Tienda_64,0.48865812684988497
3,Tienda_64,0.5888359203327732
4,Tienda_64,0.5556931881002539
5,Tienda_64,0.6156243720721498
6,Tienda_64,0.6787759044711505
7,Tienda_64,0.6881873304217725
8,Tienda_64,0.7917755982085937
9,Tienda_64,0.7812599528698418
10,Tienda_64,0.857611700486881
11,Tienda_64,0.931620679199122
12,Tienda_64,0.8967746733078081
13,Tienda_64,1.0631735907944548
14,Tienda_64,0.9598119909958979
15,Tienda_64,1.0699873516006368
16,Tienda_64,1.3085686688019535
17,Tienda_64,1.4019109707215622
18,Tienda_64,1.269632361456805
19,Tienda_64,1.3937297234529804
20,Tienda_64,1.557168028794943
21,Tienda_64,1.18316319223018
22,Tienda_64,1.4605454610979478
23,Tienda_64,1.559246864400764
24,Tienda_64,1.495654243625961
1,Tienda_65,0.37569654896019206
2,Tienda_65,0.45231254559727146
3,Tienda_65,0.4268629620361965
4,Tienda_65,0.4464853393027251
5,Tienda_65,0.4946010183210626
6,Tienda_65,0.5790651239351743
7,Tienda_65,0.7322747475302906
8,Tienda_65,0.67351012412518
9,Tienda_65,0.8882231484182918
10,Tienda_65,0.9917608814837224
11,Tienda_65,0.8687157095725742
12,Tienda_65,1.076953055792943
13,Tienda_65,0.9962437885445774
14,Tienda_65,0.9693989140707605
15,Tienda_65,1.0645574360793517
16,Tienda_65,1.2133525897324324
17,Tienda_65,1.0865742001150676
18,Tienda_65,1.4152891605958287
19,Tienda_65,1.5173912295732515
20,Tienda_65,1.382110374394036
21,Tienda_65,1.4408709073431214
22,Tienda_65,1.508183603766798
23,Tienda_65,1.7056201813254075
24,Tienda_65,1.6939464093837455
1,Tienda_66,0.5729079469041459
2,Tienda_66,0.5682828398624915
3,Tienda_66,0.6689513787828083
4,Tienda_66,0.7097501184050814
5,Tienda_66,0.6704254810242374
6,Tienda_66,0.8055341117749905
7,Tienda_66,0.7821918010041732
8,Tienda_66,0.7383241948852346
9,Tienda_66,0.9083700338183069
10,Tienda_66,0.9065851266689248
11,Tienda_66,0.9847170368992039
12,Tienda_66,1.0369246515898958
13,Tienda_66,1.0060846054003498
14,Tienda_66,0.970011382246334
15,Tienda_66,1.1387509600903354
16,Tienda_66,1.0789800792727446
17,Tienda_66,1.1251068644883577
18,Tienda_66,1.1187669310008808
19,Tienda_66,1.2990695046554193
20,Tienda_66,1.229036410587759
21,Tienda_66,1.4195542959797236
22,Tienda_66,1.3908516266970596
23,Tienda_66,1.4649642899753303
24,Tienda_66,1.405858327986211
1,Tienda_67,0.5769720203392289
2,Tienda_67,0.6480481333722716
3,Tienda_67,0.6313755734291597
4,Tienda_67,0.6666877058634938
5,Tienda_67,0.6971431141113884
6,Tienda_67,0.8161966155519974
7,Tienda_67,0.7303130496262502
8,Tienda_67,0.8580155302673521
9,Tienda_67,0.8574792618861401
10,Tienda_67,0.8659179364785905
11,Tienda_67,0.9064887462910158
12,Tienda_67,1.0134049085971872
13,Tienda_67,0.99129528337608
14,Tienda_67,1.0563250087863283
15,Tienda_67,1.1760685591710274
16,Tienda_67,1.0854745117427433
17,Tienda_67,1.1462180812130687
18,Tienda_67,1.1199500760734638
19,Tienda_67,1.2437944805240524
20,Tienda_67,1.3648211963375134
21,Tienda_67,1.4518959419515067
22,Tienda_67,1.3563892191839224
23,Tienda_67,1.3811115730648034
24,Tienda_67,1.3586134727614145
1,Tienda_68,0.27637983422029655
2,Tienda_68,0.40280612273728345
3,Tienda_68,0.4675337483864133
4,Tienda_68,0.4764855410065641
5,Tienda_68,0.5429126216440348
6,Tienda_68,0.6759316563050641
7,Tienda_68,0.6813563723172511
8,Tienda_68,0.7058004144405481
9,Tienda_68,0.7750567676494291
10,Tienda_68,0.8277945895328582
11,Tienda_68,0.8952860106822763
12,Tienda_68,0.8957509599364083
13,Tienda_68,1.0965080478453992
14,Tienda_68,1.1173155982257896
15,Tienda_68,1.1397757413968201
16,Tienda_68,0.9367345080307942
17,Tienda_68,1.3625534359251985
18,Tienda_68,1.2872142711874661
19,Tienda_68,1.4627285852431877
20,Tienda_68,1.532708656187441
21,Tienda_68,1.5134552551469183
22,Tienda_68,1.5472910554703385
23,Tienda_68,1.568463225280306
24,Tienda_68,1.812156981201912
1,Tienda_69,0.5424853952149621
2,Tienda_69,0.6819079474403149
3,Tienda_69,0.6562587040920538
4,Tienda_69,0.7098641320388271
5,Tienda_69,0.7227057330339398
6,Tienda_69,0.7304132899421218
7,Tienda_69,0.8006125182902334
8,Tienda_69,0.8399607217649961
9,Tienda_69,0.8721491752854115
10,Tienda_69,0.9499441599335171
11,Tienda_69,0.9363165612371106
12,Tienda_69,0.9525582293389638
13,Tienda_69,1.0468049601644938
14,Tienda_69,0.9749135427269304
15,Tienda_69,1.0751559089041438
16,Tienda_69,1.1351671300054162
17,Tienda_69,1.16586610925066
18,Tienda_69,1.1870247590607095
19,Tienda_69,1.2805130040078998
20,Tienda_69,1.271416115555058
21,Tienda_69,1.3699378553630224
22,Tienda_69,1.4308267851059577
23,Tienda_69,1.3177888273043066
24,Tienda_69,1.349408434938947
1,Tienda_70,0.5419007421064787
2,Tienda_70,0.6083043108091016
3,Tienda_70,0.5972522633151801
4,Tienda_70,0.7081894412451466
5,Tienda_70,0.7159057974968889
6,Tienda_70,0.7181695620737046
7,Tienda_70,0.7448573438306682
8,Tienda_70,0.7856354678161036
9,Tienda_70,0.9065443218933431
10,Tienda_70,0.9178490199388584
11,Tienda_70,0.9918057344929038
12,Tienda_70,1.0559911089880656
13,Tienda_70,0.990378934099322
14,Tienda_70,1.0485173274438806
15,Tienda_70,1.153576979870407
16,Tienda_70,1.1076029760649437
17,Tienda_70,1.211601596473726
18,Tienda_70,1.1807631756049002
19,Tienda_70,1.2609353067211777
20,Tienda_70,1.2544385984839121
21,Tienda_70,1.2565164773035402
22,Tienda_70,1.3951510842351382
23,Tienda_70,1.4653354681325257
24,Tienda_70,1.3827769615600851
1,Tienda_71,0.5992282058622025
2,Tienda_71,0.6466883263137525
3,Tienda_71,0.692367189103367
4,Tienda_71,0.7461046739341621
5,Tienda_71,0.7211083742962409
6,Tienda_71,0.7973810782028372
7,Tienda_71,0.7619328680311102
8,Tienda_71,0.8424271928375167
9,Tienda_71,0.8820637882719697
10,Tienda_71,0.8680997735813903
11,Tienda_71,0.9308049627010724
12,Tienda_71,1.0108149683851655
13,Tienda_71,1.0890354598399221
14,Tienda_71,1.0601878165489167
15,Tienda_71,1.0704309533085201
16,Tienda_71,1.0650420806076593
17,Tienda_71,1.1977679395177219
18,Tienda_71,1.110075246127856
19,Tienda_71,1.1587563526239621
20,Tienda_71,1.3136871236533094
21,Tienda_71,1.265888530769132
22,Tienda_71,1.374465874322432
23,Tienda_71,1.3877371979639763
24,Tienda_71,1.4079040231958073
1,Tienda_72,0.451786911831572
2,Tienda_72,0.568290328078354
3,Tienda_72,0.5629582715498926
4,Tienda_72,0.6414530986403063
5,Tienda_72,0.7206460064029594
6,Tienda_72,0.7923873702115367
7,Tienda_72,0.843620713080543
8,Tienda_72,0.8014786324713454
9,Tienda_72,0.8756658749131688
10,Tienda_72,0.9274658205726325
11,Tienda_72,1.0772645445289009
12,Tienda_72,1.122520671477314
13,Tienda_72,0.9566065358098549
14,Tienda_72,0.9901014547494941
15,Tienda_72,1.1063719759051958
16,Tienda_72,1.1220810643961618
17,Tienda_72,1.1518675726359209
18,Tienda_72,1.0158249959399213
19,Tienda_72,1.40648561398275
20,Tienda_72,1.3317071331195078
21,Tienda_72,1.2008079791602746
22,Tienda_72,1.5673765897352405
23,Tienda_72,1.2706290629218424
24,Tienda_72,1.494601777885312
1,Tienda_73,0.35835693958049725
2,Tienda_73,0.41845007721322086
3,Tienda_73,0.42039558845636377
4,Tienda_73,0.4589079337234786
5,Tienda_73,0.5700870222659808
6,Tienda_73,0.6457642114367252
7,Tienda_73,0.7181608049222019
8,Tienda_73,0.8302054133485018
9,Tienda_73,0.761679526635767
10,Tienda_73,0.8627276023531649
11,Tienda_73,0.7851575091400229
12,Tienda_73,1.0373218659401817
13,Tienda_73,0.9524611622277721
14,Tienda_73,1.0592733416229068
15,Tienda_73,1.1591411097428
16,Tienda_73,1.286824731707447
17,Tienda_73,1.49873780134985
18,Tienda_73,1.2187012971672528
19,Tienda_73,1.1546595588227433
20,Tienda_73,1.4407883558243935
21,Tienda_73,1.3855545853290658
22,Tienda_73,1.705304638262132
23,Tienda_73,1.7802243554124657
24,Tienda_73,1.4911145675150628
1,Tienda_74,0.33189227885979194
2,Tienda_74,0.394073756902583
3,Tienda_74,0.34068310392533846
4,Tienda_74,0.5648270334955537
5,Tienda_74,0.6308790372879088
6,Tienda_74,0.7930621793979858
7,Tienda_74,0.636019530601814
8,Tienda_74,0.8261694480912326
9,Tienda_74,0.8476777511868382
10,Tienda_74,0.7070609967029233
11,Tienda_74,1.0802106073105042
12,Tienda_74,1.1400839645386531
13,Tienda_74,0.9302898434872696
14,Tienda_74,1.1033133287120713
15,Tienda_74,1.113963102449952
16,Tienda_74,1.2629184325255058
17,Tienda_74,1.1802725469227568
18,Tienda_74,0.9687267559384497
19,Tienda_74,1.2894851567531
20,Tienda_74,1.5367121834157502
21,Tienda_74,1.4201280959708718
22,Tienda_74,1.4222624149917356
23,Tienda_74,1.9456110182961168
24,Tienda_74,1.5336774322352926
1,Tienda_75,0.5242011358366846
2,Tienda_75,0.5657129011820125
3,Tienda_75,0.6975237446996083
4,Tienda_75,0.7020568297291069
5,Tienda_75,0.7150957307739398
6,Tienda_75,0.7202160389210288
7,Tienda_75,0.7432022932965755
8,Tienda_75,0.905827838052975
9,Tienda_75,0.9245565737112306
10,Tienda_75,0.9119745589680182
11,Tienda_75,0.9963175466939249
12,Tienda_75,0.9489018409027146
13,Tienda_75,0.9648167981016866
14,Tienda_75,0.9867089025155212
15,Tienda_75,1.0872370386298633
16,Tienda_75,1.0981801566803582
17,Tienda_75,1.317364667300964
18,Tienda_75,1.193606716048067
19,Tienda_75,1.2566283566213483
20,Tienda_75,1.2005523399729268
21,Tienda_75,1.3606441485344658
22,Tienda_75,1.387276488448998
23,Tienda_75,1.435518121630481
24,Tienda_75,1.355879232747501
1,Tienda_76,0.3390661331702595
2,Tienda_76,0.3640352085100338
3,Tienda_76,0.43330380044987693
4,Tienda_76,0.6085442493979144
5,Tienda_76,0.5841856301543283
6,Tienda_76,0.6034575790689374
7,Tienda_76,0.6585588236527005
8,Tienda_76,0.7702990209668129
9,Tienda_76,0.8588261829063001
10,Tienda_76,0.9054487868954147
11,Tienda_76,0.7721051318409098
12,Tienda_76,0.8369927715966716
13,Tienda_76,1.292056289280496
14,Tienda_76,0.8132329472377806
15,Tienda_76,1.3521726356909147
16,Tienda_76,1.2024521537720512
17,Tienda_76,1.4190622672867925
18,Tienda_76,1.2402647699448803
19,Tienda_76,1.6145413743220782
20,Tienda_76,1.4681416897408635
21,Tienda_76,1.5047878146342153
22,Tienda_76,1.2107500575709493
23,Tienda_76,1.6157741796616065
24,Tienda_76,1.5319405022472075
1,Tienda_77,0.4681072684154718
2,Tienda_77,0.5396491439739024
3,Tienda_77,0.5317708124409947
4,Tienda_77,0.6032765129613643
5,Tienda_77,0.5980147913157938
6,Tienda_77,0.677943041493267
7,Tienda_77,0.7522487451343997
8,Tienda_77,0.6949138916249331
9,Tienda_77,0.6924143529210923
10,Tienda_77,0.8434532802554681
11,Tienda_77,0.9972891544038697
12,Tienda_77,0.9559794648780566
13,Tienda_77,1.0097023047821576
14,Tienda_77,1.1297987322015115
15,Tienda_77,1.1220230453059326
16,Tienda_77,1.071870056336501
17,Tienda_77,1.2535739410324296
18,Tienda_77,1.2454322888512117
19,Tienda_77,1.3995462368603198
20,Tienda_77,1.3578159009064983
21,Tienda_77,1.3974117743038674
22,Tienda_77,1.4667532095367783
23,Tienda_77,1.5600916614487048
24,Tienda_77,1.630920388615475
1,Tienda_78,0.35580765253496555
2,Tienda_78,0.39393048481802756
3,Tienda_78,0.3961709192303056
4,Tienda_78,0.5023906384437395
5,Tienda_78,0.5947346776062327
6,Tienda_78,0.6360088834396445
7,Tienda_78,0.6983402419653377
8,Tienda_78,0.6014706409046829
9,Tienda_78,0.7541871384038693
10,Tienda_78,0.6742464093640117
11,Tienda_78,1.124535194713298
12,Tienda_78,1.0203603288532854
13,Tienda_78,1.1255100571229406
14,Tienda_78,1.1400719217172706
15,Tienda_78,0.9571509374785334
16,Tienda_78,1.2422055453741188
17,Tienda_78,1.2240031362586767
18,Tienda_78,1.1529404983632454
19,Tienda_78,1.2527661011566262
20,Tienda_78,1.6753139470558354
21,Tienda_78,1.4355945023165735
22,Tienda_78,1.541031179811602
23,Tienda_78,1.7491479240519818
24,Tienda_78,1.7520810390151973
1,Tienda_79,0.582825937101653
2,Tienda_79,0.605850748932021
3,Tienda_79,0.7089375641543475
4,Tienda_79,0.6825123570854752
5,Tienda_79,0.6932751928535779
6,Tienda_79,0.7380706225409721
7,Tienda_79,0.8042173557453868
8,Tienda_79,0.8525765495628758
9,Tienda_79,0.8449790082449612
10,Tienda_79,0.9107873944232988
11,Tienda_79,0.9280359018666925
12,Tienda_79,0.8944130852475001
13,Tienda_79,0.9382711775725013
14,Tienda_79,1.1668991394123198
15,Tienda_79,1.1602995281695445
16,Tienda_79,1.0925629509194714
17,Tienda_79,1.136689164982107
18,Tienda_79,1.2370205050857028
19,Tienda_79,1.3043333715810623
20,Tienda_79,1.2939754433856805
21,Tienda_79,1.3052247600627809
22,Tienda_79,1.2161671772531095
23,Tienda_79,1.369260417273455
24,Tienda_79,1.5328146465435082
1,Tienda_80,0.4757489547378117
2,Tienda_80,0.5158865596764561
3,Tienda_80,0.6417868245308844
4,Tienda_80,0.6742237459730464
5,Tienda_80,0.5641426251844792
6,Tienda_80,0.7069276219727071
7,Tienda_80,0.7315126261574779
8,Tienda_80,0.8640988672316147
9,Tienda_80,0.7436597098369524
10,Tienda_80,0.920370986026566
11,Tienda_80,0.8221701744375012
12,Tienda_80,0.9870512048703853
13,Tienda_80,1.0745612540618767
14,Tienda_80,1.0543434666598732
15,Tienda_80,1.1403312448265714
16,Tienda_80,1.2767176378507157
17,Tienda_80,1.2416623951912162
18,Tienda_80,1.151767853467112
19,Tienda_80,1.1851251587479241
20,Tienda_80,1.3214319824407048
21,Tienda_80,1.5024001757934242
22,Tienda_80,1.4341370895947483
23,Tienda_80,1.424156019072766
24,Tienda_80,1.5457858216571816
1,Tienda_81,0.5810608760244993
2,Tienda_81,0.5887830123937638
3,Tienda_81,0.6518191087468046
4,Tienda_81,0.7174164565657676
5,Tienda_81,0.760024862283985
6,Tienda_81,0.7689898848398764
7,Tienda_81,0.8107067853268018
8,Tienda_81,0.7729253928581141
9,Tienda_81,0.8866438855375011
10,Tienda_81,0.9447189979444293
11,Tienda_81,0.9178177761721318
12,Tienda_81,1.0148012211911812
13,Tienda_81,1.075421873425677
14,Tienda_81,0.9477337611575897
15,Tienda_81,1.1611867033373484
16,Tienda_81,1.1440943640965877
17,Tienda_81,1.1842347876301067
18,Tienda_81,1.1821618557691485
19,Tienda_81,1.287993883487458
20,Tienda_81,1.2667289750614132
21,Tienda_81,1.2900563126546363
22,Tienda_81,1.3843142406899323
23,Tienda_81,1.2487758038498036
24,Tienda_81,1.411589178955443
1,Tienda_82,0.39891789768995406
2,Tienda_82,0.42624825024723373
3,Tienda_82,0.5976291691452442
4,Tienda_82,0.5415022212350336
5,Tienda_82,0.6944372006223275
6,Tienda_82,0.7031214282155223
7,Tienda_82,0.6603363008264644
8,Tienda_82,0.6928217805289472
9,Tienda_82,0.9049329106290497
10,Tienda_82,0.9254263608740555
11,Tienda_82,0.9582984457641126
12,Tienda_82,1.0209481612280307
13,Tienda_82,1.0777768668125458
14,Tienda_82,1.1290251325066503
15,Tienda_82,1.1267798244511862
16,Tienda_82,1.0781347172408853
17,Tienda_82,1.0989990478406957
18,Tienda_82,1.3770572341971854
19,Tienda_82,1.3292083670210955
20,Tienda_82,1.3979460241940656
21,Tienda_82,1.3983297187866408
22,Tienda_82,1.4639594382242114
23,Tienda_82,1.5431822752799669
24,Tienda_82,1.4549812264388964
1,Tienda_83,0.49192045337831064
2,Tienda_83,0.4730495090574029
3,Tienda_83,0.48941336793686996
4,Tienda_83,0.5533669956858162
5,Tienda_83,0.7058291618499658
6,Tienda_83,0.7238308902252314
7,Tienda_83,0.7393353193402041
8,Tienda_83,0.743027365751577
9,Tienda_83,0.9259298600665434
10,Tienda_83,0.7425300170681358
11,Tienda_83,0.9584452563342102
12,Tienda_83,1.069536185579682
13,Tienda_83,1.1482839497090762
14,Tienda_83,1.079730622937932
15,Tienda_83,1.1642511120146333
16,Tienda_83,1.1543865266651077
17,Tienda_83,1.2237711226024395
18,Tienda_83,1.2693391217134327
19,Tienda_83,1.297305289530483
20,Tienda_83,1.2558586507119673
21,Tienda_83,1.3061927911121394
22,Tienda_83,1.3698877476906663
23,Tienda_83,1.3880516091923307
24,Tienda_83,1.7267270738458431
1,Tienda_84,0.607163251554595
2,Tienda_84,0.5673575026763439
3,Tienda_84,0.5983020581090855
4,Tienda_84,0.7195412332046396
5,Tienda_84,0.7296352099035326
6,Tienda_84,0.8114349874888803
7,Tienda_84,0.7965831243627505
8,Tienda_84,0.8009388664900283
9,Tienda_84,0.8703895017737817
10,Tienda_84,0.983900711609671
11,Tienda_84,0.9285175352488128
12,Tienda_84,1.13273532857101
13,Tienda_84,1.0232568160306557
14,Tienda_84,0.976009857131887
15,Tienda_84,1.1143060056223664
16,Tienda_84,1.1689821536657938
17,Tienda_84,1.104322677919913
18,Tienda_84,1.1496603396400717
19,Tienda_84,1.2265144640768424
20,Tienda_84,1.2599259125627105
21,Tienda_84,1.3344785340802687
22,Tienda_84,1.3271640555246165
23,Tienda_84,1.3638327464170399
24,Tienda_84,1.4050471263347009
1,Tienda_85,0.3417489288853308
2,Tienda_85,0.3450491093678667
3,Tienda_85,0.45157436462710016
4,Tienda_85,0.5150713409460801
5,Tienda_85,0.616282947241023
6,Tienda_85,0.6446342101973445
7,Tienda_85,0.5927999526924639
8,Tienda_85,0.7628520577588704
9,Tienda_85,0.8119469215565273
10,Tienda_85,0.8713606246154191
11,Tienda_85,0.9947652358479816
12,Tienda_85,0.9583826466842581
13,Tienda_85,0.9122155764767526
14,Tienda_85,1.0953879081381461
15,Tienda_85,1.0833727119777523
16,Tienda_85,1.19709711244059
17,Tienda_85,1.1529191570699513
18,Tienda_85,1.3367901513784066
19,Tienda_85,1.5897106041850046
20,Tienda_85,1.473020959710852
21,Tienda_85,1.411310076248585
22,Tienda_85,1.6496961723416437
23,Tienda_85,1.4713446185272634
24,Tienda_85,1.720666611084787
1,Tienda_86,0.5205434087484531
2,Tienda_86,0.47910858865471473
3,Tienda_86,0.504344426761278
4,Tienda_86,0.5886571627144414
5,Tienda_86,0.5794019886624763
6,Tienda_86,0.6801750597215118
7,Tienda_86,0.7485932375024436
8,Tienda_86,0.7486680198674132
9,Tienda_86,0.9690708736853495
10,Tienda_86,0.9482897570093203
11,Tienda_86,0.915008502380951
12,Tienda_86,0.8742331928577382
13,Tienda_86,0.9565904485554118
14,Tienda_86,0.8243647494414622
15,Tienda_86,1.0726054731646852
16,Tienda_86,1.2484005903254156
17,Tienda_86,1.2043467927405738
18,Tienda_86,1.4566247611571124
19,Tienda_86,1.3626851561331264
20,Tienda_86,1.373653272150211
21,Tienda_86,1.4838287415563631
22,Tienda_86,1.3484015871055197
23,Tienda_86,1.447230747558528
24,Tienda_86,1.6651734615454994
1,Tienda_87,0.34095844163346417
2,Tienda_87,0.3284562202744943
3,Tienda_87,0.4253707842771554
4,Tienda_87,0.45132498761901507
5,Tienda_87,0.529702442548837
6,Tienda_87,0.6892469231833378
7,Tienda_87,0.6207014178930678
8,Tienda_87,0.7894241609671084
9,Tienda_87,0.8471066486730955
10,Tienda_87,0.7989624084356011
11,Tienda_87,0.7171822621332831
12,Tienda_87,0.9339508075205551
13,Tienda_87,0.9067908066889833
14,Tienda_87,1.1177363528696858
15,Tienda_87,0.9932840853393248
16,Tienda_87,1.2712450690004513
17,Tienda_87,1.3303249845549454
18,Tienda_87,1.2953636720695525
19,Tienda_87,1.6907677612882175
20,Tienda_87,1.5429707133607091
21,Tienda_87,1.4021119871116507
22,Tienda_87,1.6554043853168
23,Tienda_87,1.5319596533624287
24,Tienda_87,1.789653023878237
1,Tienda_88,0.4535375295588914
2,Tienda_88,0.562146801725269
3,Tienda_88,0.5078974882820106
4,Tienda_88,0.5262037281281133
5,Tienda_88,0.5042935797556063
6,Tienda_88,0.6481085138148379
7,Tienda_88,0.667277013689161
8,Tienda_88,0.7241650849427482
9,Tienda_88,0.8099149148951337
10,Tienda_88,0.9268291327281906
11,Tienda_88,0.9297427955243363
12,Tienda_88,0.949135836676443
13,Tienda_88,1.0114461493790161
14,Tienda_88,1.048700480104061
15,Tienda_88,1.171461487649127
16,Tienda_88,1.2465356072430724
17,Tienda_88,1.4445912541155537
18,Tienda_88,1.3023074800686194
19,Tienda_88,1.5308148464405056
20,Tienda_88,1.2908626768110987
21,Tienda_88,1.3820302495220167
22,Tienda_88,1.5001454373103607
23,Tienda_88,1.52531385101842
24,Tienda_88,1.3365380606174073
1,Tienda_89,0.5906349706267688
2,Tienda_89,0.5714739119357651
3,Tienda_89,0.6062976088211766
4,Tienda_89,0.7420295307043513
5,Tienda_89,0.6237609462037744
6,Tienda_89,0.6782148479859484
7,Tienda_89,0.7873311640779254
8,Tienda_89,0.7286126804130773
9,Tienda_89,0.8897558327964469
10,Tienda_89,0.9348747335693678
11,Tienda_89,1.0564514918429486
12,Tienda_89,0.9477446016334858
13,Tienda_89,1.014301481543907
14,Tienda_89,1.0287583384328758
15,Tienda_89,1.123201789367042
16,Tienda_89,1.1100594234013388
17,Tienda_89,1.2282824272112063
18,Tienda_89,1.3016046106468926
19,Tienda_89,1.138065796085743
20,Tienda_89,1.2951760030867636
21,Tienda_89,1.3549684662723485
22,Tienda_89,1.293295063748072
23,Tienda_89,1.4260914055762408
24,Tienda_89,1.5290128740165287
1,Tienda_90,0.6087530848145851
2,Tienda_90,0.6263630511914284
3,Tienda_90,0.6747456251516819
4,Tienda_90,0.6634264274209094
5,Tienda_90,0.7014462885141916
6,Tienda_90,0.7972833140899606
7,Tienda_90,0.8134067657669974
8,Tienda_90,0.8785760067602105
9,Tienda_90,0.856658500790865
10,Tienda_90,0.9820045243508635
11,Tienda_90,0.9274106757684678
12,Tienda_90,0.9592903579429456
13,Tienda_90,1.1534799087395913
14,Tienda_90,1.0072582838482835
15,Tienda_90,1.0408724958330628
16,Tienda_90,1.0473038221324575
17,Tienda_90,1.1317085247088516
18,Tienda_90,1.2414598832032986
19,Tienda_90,1.2450880769246653
20,Tienda_90,1.2934965974577453
21,Tienda_90,1.2528790733106125
22,Tienda_90,1.382080477750206
23,Tienda_90,1.3551228311509198
24,Tienda_90,1.3598854023771987
1,Tienda_91,0.31996988019597145
2,Tienda_91,0.3581292098121893
3,Tienda_91,0.512896776547857
4,Tienda_91,0.4930774650609184
5,Tienda_91,0.48676085802382374
6,Tienda_91,0.6815382255777671
7,Tienda_91,0.6867857779633627
8,Tienda_91,0.7264985736782308
9,Tienda_91,0.693477512852137
10,Tienda_91,0.9047417985817471
11,Tienda_91,0.7350605855816958
12,Tienda_91,0.8266290531574658
13,Tienda_91,1.1035014557627003
14,Tienda_91,1.0836922504987712
15,Tienda_91,1.2481922272726866
16,Tienda_91,1.14252910990351
17,Tienda_91,1.2772096347501276
18,Tienda_91,1.479104336125957
19,Tienda_91,1.3813787314829407
20,Tienda_91,1.2219357405323008
21,Tienda_91,1.621266164325332
22,Tienda_91,1.77704565656916
23,Tienda_91,1.5907083035813103
24,Tienda_91,1.647870672162037
1,Tienda_92,0.4169501093356409
2,Tienda_92,0.5572518831355214
3,Tienda_92,0.5078607550632308
4,Tienda_92,0.524230618999311
5,Tienda_92,0.6749945192860535
6,Tienda_92,0.7408100125133698
7,Tienda_92,0.6902767790748683
8,Tienda_92,0.8052460306265549
9,Tienda_92,0.7573396878141324
10,Tienda_92,0.9742544022833175
11,Tienda_92,0.8767497350334672
12,Tienda_92,1.1111151658521488
13,Tienda_92,0.8992735984762023
14,Tienda_92,1.065065430648911
15,Tienda_92,1.1307046485418777
16,Tienda_92,1.1548140028700604
17,Tienda_92,1.3123768603196775
18,Tienda_92,1.1502361107229444
19,Tienda_92,1.3378799952494935
20,Tienda_92,1.3838963546818341
21,Tienda_92,1.4280791957293528
22,Tienda_92,1.4593636092493447
23,Tienda_92,1.457614782338943
24,Tienda_92,1.5836157121537426
1,Tienda_93,0.5890291522562605
2,Tienda_93,0.6034506082212946
3,Tienda_93,0.6699493589544251
4,Tienda_93,0.622307133107436
5,Tienda_93,0.8215810567700995
6,Tienda_93,0.7707811807415079
7,Tienda_93,0.7751310755943333
8,Tienda_93,0.8770515178667985
9,Tienda_93,0.8427935023514851
10,Tienda_93,0.9483306027646721
11,Tienda_93,1.0089069563657662
12,Tienda_93,1.0334785126455943
13,Tienda_93,0.9946396918510308
14,Tienda_93,1.1220581311517264
15,Tienda_93,1.1823067884238347
16,Tienda_93,1.1640563886810311
17,Tienda_93,1.1062267189519404
18,Tienda_93,1.2216409873290772
19,Tienda_93,1.1917908253746758
20,Tienda_93,1.2736894284872347
21,Tienda_93,1.249499728607277
22,Tienda_93,1.3367857740185727
23,Tienda_93,1.2953695546968162
24,Tienda_93,1.299145324787109
1,Tienda_94,0.48440649513146755
2,Tienda_94,0.4360654154302632
3,Tienda_94,0.573765156380217
4,Tienda_94,0.6041359527693781
5,Tienda_94,0.6935181395123332
6,Tienda_94,0.6735491505818166
7,Tienda_94,0.811839461904594
8,Tienda_94,0.8317669259857821
9,Tienda_94,0.8310442688823572
10,Tienda_94,0.8571468617604222
11,Tienda_94,0.9720202114938759
12,Tienda_94,1.0077214940932373
13,Tienda_94,0.8625074070903864
14,Tienda_94,1.0749036379849777
15,Tienda_94,1.1180848669799976
16,Tienda_94,1.0507815620669103
17,Tienda_94,1.264888151331758
18,Tienda_94,1.273969111711884
19,Tienda_94,1.4858374353446355
20,Tienda_94,1.209957470910519
21,Tienda_94,1.3544450429031318
22,Tienda_94,1.3631478575124933
23,Tienda_94,1.5143392830411702
24,Tienda_94,1.6501586391963894
1,Tienda_95,0.5434032659960664
2,Tienda_95,0.5791737844414383
3,Tienda_95,0.6470783756058385
4,Tienda_95,0.699739195795293
5,Tienda_95,0.7238638631895723
6,Tienda_95,0.7818469766902889
7,Tienda_95,0.7729088109992495
8,Tienda_95,0.7663934210487989
9,Tienda_95,0.8271046646269617
10,Tienda_95,0.9263139200174597
11,Tienda_95,0.9144491084578485
12,Tienda_95,0.9543725173190621
13,Tienda_95,1.0313490655830324
14,Tienda_95,1.079124746529634
15,Tienda_95,1.188893105766669
16,Tienda_95,1.1790855539121847
17,Tienda_95,1.1471538162731294
18,Tienda_95,1.2485832131164412
19,Tienda_95,1.115455959168509
20,Tienda_95,1.4120286281434014
21,Tienda_95,1.3268620799260957
22,Tienda_95,1.3426434300753791
23,Tienda_95,1.328219073231973
24,Tienda_95,1.4639534240856775
1,Tienda_96,0.3333385773053288
2,Tienda_96,0.3841732395225195
3,Tienda_96,0.4198298572536329
4,Tienda_96,0.5628627725065368
5,Tienda_96,0.48180971846825743
6,Tienda_96,0.6512814566018275
7,Tienda_96,0.6883659974673529
8,Tienda_96,0.6558150132872556
9,Tienda_96,0.7244878215869981
10,Tienda_96,0.80746609559601
11,Tienda_96,0.9179045163378571
12,Tienda_96,1.0147904387396862
13,Tienda_96,1.0654106062424167
14,Tienda_96,1.0137112948991585
15,Tienda_96,1.2878241737704939
16,Tienda_96,1.2691298857139357
17,Tienda_96,1.1954475335734063
18,Tienda_96,1.2368563337247673
19,Tienda_96,1.4815993285600353
20,Tienda_96,1.3538666662138077
21,Tienda_96,1.3566878462420742
22,Tienda_96,1.5891578220064715
23,Tienda_96,1.7376483097154554
24,Tienda_96,1.7705346946647165
1,Tienda_97,0.3231277993496678
2,Tienda_97,0.3950286542824037
3,Tienda_97,0.4824554714051496
4,Tienda_97,0.5007597057713612
5,Tienda_97,0.6086813055975242
6,Tienda_97,0.5719871287511511
7,Tienda_97,0.6803868856704705
8,Tienda_97,0.6937152011356063
9,Tienda_97,0.8634763679928641
10,Tienda_97,0.9591585431177919
11,Tienda_97,0.9420437365790624
12,Tienda_97,1.168259634936756
13,Tienda_97,1.0833920689039975
14,Tienda_97,1.2463956920869719
15,Tienda_97,1.0601979932971677
16,Tienda_97,1.1799568343742337
17,Tienda_97,1.1547706597401817
18,Tienda_97,1.2725755573560713
19,Tienda_97,1.4028358563040166
20,Tienda_97,1.4896302300955964
21,Tienda_97,1.5527217985194288
22,Tienda_97,1.504258574783913
23,Tienda_97,1.4684343195437768
24,Tienda_97,1.3957499804048359
1,Tienda_98,0.47811917230334594
2,Tienda_98,0.47974869117737545
3,Tienda_98,0.5740575031311761
4,Tienda_98,0.6550935558792303
5,Tienda_98,0.5915355284587246
6,Tienda_98,0.6783080772357685
7,Tienda_98,0.8372630782847656
8,Tienda_98,0.8958947545125265
9,Tienda_98,0.7751232266770651
10,Tienda_98,0.9315978982612736
11,Tienda_98,0.8359307435031801
12,Tienda_98,1.0624051379100425
13,Tienda_98,0.972284898062669
14,Tienda_98,1.1117690165382492
15,Tienda_98,1.1350055235593335
16,Tienda_98,1.161061133005025
17,Tienda_98,1.2693354734392326
18,Tienda_98,1.2925802638989214
19,Tienda_98,1.2470457114301168
20,Tienda_98,1.3142842533556096
21,Tienda_98,1.5210173677133794
22,Tienda_98,1.1236217142909946
23,Tienda_98,1.4878122518420458
24,Tienda_98,1.5691050255299461
1,Tienda_99,0.580966697189417
2,Tienda_99,0.5922285332521804
3,Tienda_99,0.709934292421758
4,Tienda_99,0.6775258877131268
5,Tienda_99,0.7623723409541819
6,Tienda_99,0.769809882978472
7,Tienda_99,0.8284378068086492
8,Tienda_99,0.8289689746854582
9,Tienda_99,0.9257565579344528
10,Tienda_99,0.8811536137551541
11,Tienda_99,0.9914212107194188
12,Tienda_99,1.0195042371342582
13,Tienda_99,1.043096679116117
14,Tienda_99,1.0376586110442039
15,Tienda_99,1.077227695714281
16,Tienda_99,0.9902114333017025
17,Tienda_99,1.1961081613240865
18,Tienda_99,1.2666219409713406
19,Tienda_99,1.2386785089998056
20,Tienda_99,1.3285527255673157
21,Tienda_99,1.2367898510342925
22,Tienda_99,1.3430314554611784
23,Tienda_99,1.3668198177493411
24,Tienda_99,1.3071230841698076
1,Tienda_100,0.5710377442238631
2,Tienda_100,0.580985339124432
3,Tienda_100,0.6046461924477292
4,Tienda_100,0.7313879396868109
5,Tienda_100,0.6276656384584595
6,Tienda_100,0.7425290176890186
7,Tienda_100,0.7911474439048114
8,Tienda_100,0.8825646376108843
9,Tienda_100,0.8773219242115574
10,Tienda_100,0.9143976168712821
11,Tienda_100,0.9714600842648449
12,Tienda_100,0.9522573812929627
13,Tienda_100,0.9812071452651175
14,Tienda_100,1.075142336863671
15,Tienda_100,1.057355462139168
16,Tienda_100,1.1380859026277697
17,Tienda_100,1.1421748997244578
18,Tienda_100,1.1325886845533577
19,Tienda_100,1.2815735621799074
20,Tienda_100,1.4615223219818239
21,Tienda_100,1.2566189727812926
22,Tienda_100,1.4246851430613057
23,Tienda_100,1.3970281164943825
24,Tienda_100,1.4046164925410898
